,Name,Team,Opponent,Hmcrt_adv,AB,R,H,RBI,BB,SO,PA,OBP,SLG,OPS,WPA,aLI,cWPA,acLI,RE24,H+R+RBI,1B,2B,3B,HR,TB,Date
0,A.Rosario,Tampa Bay Rays,New York Yankees,0,5,0,1,0,0,0,5,.329,.413,.743,0.031,0.56,0.01,0.23,-0.3,1,1,0,0,0,1,720
1,I.Paredes,Tampa Bay Rays,New York Yankees,0,4,2,1,1,1,0,5,.360,.460,.820,-0.089,0.62,-0.02,0.26,-0.1,4,-15,0,0,16,4,720
2,C.Mead,Tampa Bay Rays,New York Yankees,0,5,1,3,1,0,1,5,.286,.304,.590,0.118,0.44,0.03,0.18,0.8,5,0,3,0,0,4,720
3,R.Arozarena,Tampa Bay Rays,New York Yankees,0,5,2,4,3,0,0,5,.314,.391,.705,0.025,0.43,0.01,0.18,3.5,9,-28,18,0,14,11,720
4,J.DeLuca,Tampa Bay Rays,New York Yankees,0,5,0,0,1,0,1,5,.244,.280,.524,-0.067,0.52,-0.02,0.22,-1.0,1,0,0,0,0,0,720
5,J.Siri,Tampa Bay Rays,New York Yankees,0,5,0,1,0,0,1,5,.276,.389,.665,0.000,0.33,0,0.14,-0.5,1,1,0,0,0,1,720
6,J.Caballero,Tampa Bay Rays,New York Yankees,0,3,1,0,0,1,1,4,.305,.361,.666,-0.036,0.56,-0.01,0.23,-0.2,1,0,0,0,0,0,720
7,T.Walls,Tampa Bay Rays,New York Yankees,0,2,1,0,0,2,0,4,.284,.192,.477,0.002,0.36,0.00,0.15,0.1,1,0,0,0,0,0,720
8,A.Jackson,Tampa Bay Rays,New York Yankees,0,3,2,1,3,1,1,4,.156,.205,.361,0.283,0.71,0.07,0.29,2.4,6,-1,0,0,2,4,720
9,B.Rice,New York Yankees,Tampa Bay Rays,1,4,0,1,0,0,1,4,.307,.471,.778,0.035,0.47,0.03,0.58,-0.1,1,-3,4,0,0,2,720
10,J.Soto,New York Yankees,Tampa Bay Rays,1,4,1,1,0,0,0,4,.431,.571,1.003,-0.028,0.45,-0.02,0.56,0.5,2,-3,0,4,0,3,720
11,A.Judge,New York Yankees,Tampa Bay Rays,1,2,0,0,0,1,1,3,.434,.673,1.107,-0.026,0.73,-0.02,0.92,-0.4,0,0,0,0,0,0,720
12,J.Jones,New York Yankees,Tampa Bay Rays,1,1,0,0,1,0,0,1,.326,.410,.736,-0.001,0.02,-0.00,0.03,-0.2,1,0,0,0,0,0,720
13,A.Wells,New York Yankees,Tampa Bay Rays,1,3,0,0,0,0,2,3,.315,.371,.686,-0.102,0.90,-0.08,1.13,-1.3,0,0,0,0,0,0,720
14,C.Narvaez,New York Yankees,Tampa Bay Rays,1,1,0,1,0,0,0,1,1.000,1.000,2.000,0.000,0.01,0,0.01,0.3,1,1,0,0,0,1,720
15,G.Torres,New York Yankees,Tampa Bay Rays,1,3,0,1,0,1,1,4,.308,.346,.654,0.030,0.31,0.02,0.39,0.6,1,1,0,0,0,1,720
16,A.Verdugo,New York Yankees,Tampa Bay Rays,1,3,0,0,0,0,0,3,.287,.371,.658,-0.087,0.64,-0.07,0.80,-1.2,0,0,0,0,0,0,720
17,O.Cabrera,New York Yankees,Tampa Bay Rays,1,1,0,0,0,0,0,1,.286,.340,.626,-0.001,0.05,-0.00,0.06,-0.9,0,0,0,0,0,0,720
18,A.Volpe,New York Yankees,Tampa Bay Rays,1,3,0,1,0,0,0,3,.302,.372,.674,0.009,0.22,0.01,0.28,0.4,1,-18,19,0,0,2,720
19,T.Grisham,New York Yankees,Tampa Bay Rays,1,2,0,0,0,0,0,3,.293,.370,.663,-0.025,0.34,-0.02,0.43,-0.1,0,0,0,0,0,0,720
20,D.LeMahieu,New York Yankees,Tampa Bay Rays,1,3,0,0,0,0,2,3,.270,.202,.471,-0.037,0.49,-0.03,0.62,-0.9,0,0,0,0,0,0,720
21,M.Winn,St Louis Cardinals,Atlanta Braves,0,5,1,2,0,0,1,5,.333,.412,.746,0.168,1.68,0.12,2.07,0.5,3,-2,0,4,0,4,720
22,A.Burleson,St Louis Cardinals,Atlanta Braves,0,5,0,1,1,0,0,5,.319,.489,.808,-0.381,2.42,-0.28,2.99,-1.6,2,1,0,0,0,1,720
23,W.Contreras,St Louis Cardinals,Atlanta Braves,0,4,0,1,0,0,0,4,.400,.508,.908,-0.110,1.11,-0.08,1.36,-0.9,1,1,0,0,0,1,720
24,P.Goldschmidt,St Louis Cardinals,Atlanta Braves,0,3,0,0,0,1,1,4,.291,.370,.661,-0.052,1.00,-0.04,1.24,-0.4,0,0,0,0,0,0,720
25,B.Donovan,St Louis Cardinals,Atlanta Braves,0,4,0,0,0,0,1,4,.342,.407,.748,-0.168,1.34,-0.12,1.66,-1.2,0,0,0,0,0,0,720
26,N.Arenado,St Louis Cardinals,Atlanta Braves,0,4,1,1,1,0,0,4,.322,.388,.710,0.035,1.11,0.03,1.38,0.5,3,-8,0,0,9,4,720
27,L.Nootbaar,St Louis Cardinals,Atlanta Braves,0,3,0,2,0,1,0,4,.327,.399,.725,0.101,1.24,0.07,1.53,0.6,2,2,0,0,0,2,720
28,P.Pages,St Louis Cardinals,Atlanta Braves,0,4,0,1,0,0,2,4,.272,.323,.594,-0.125,1.73,-0.09,2.14,-0.6,1,1,0,0,0,1,720
29,M.Siani,St Louis Cardinals,Atlanta Braves,0,3,0,1,0,0,2,3,.264,.305,.569,-0.026,1.24,-0.02,1.53,-0.2,1,1,0,0,0,1,720
30,M.Carpenter,St Louis Cardinals,Atlanta Braves,0,1,0,0,0,0,1,1,.316,.343,.659,-0.106,3.94,-0.08,4.87,-0.5,0,0,0,0,0,0,720
31,J.Kelenic,Atlanta Braves,St. Louis Cardinals,1,3,0,0,0,1,1,5,.302,.414,.716,-0.084,2.60,-0.06,3.08,-0.4,0,0,0,0,0,0,720
32,O.Albies,Atlanta Braves,St. Louis Cardinals,1,4,0,0,1,0,0,5,.308,.405,.713,0.024,1.76,0.02,2.09,-0.9,1,0,0,0,0,0,720
33,A.Riley,Atlanta Braves,St. Louis Cardinals,1,3,0,1,0,1,2,4,.330,.449,.780,-0.046,1.26,-0.03,1.50,0.1,1,1,0,0,0,1,720
34,M.Olson,Atlanta Braves,St. Louis Cardinals,1,4,0,0,0,0,0,4,.306,.401,.707,-0.162,1.58,-0.11,1.88,-1.1,0,0,0,0,0,0,720
35,M.Ozuna,Atlanta Braves,St. Louis Cardinals,1,4,0,1,0,0,2,4,.378,.577,.955,-0.059,1.32,-0.04,1.56,-0.7,1,1,0,0,0,1,720
36,T.d'Arnaud,Atlanta Braves,St. Louis Cardinals,1,4,1,3,0,0,0,4,.316,.471,.787,0.203,2.08,0.14,2.47,0.9,4,3,0,0,0,3,720
37,E.Rosario,Atlanta Braves,St. Louis Cardinals,1,3,1,1,2,1,2,4,.224,.328,.552,0.159,2.15,0.11,2.56,1.1,4,-7,0,0,8,4,720
38,A.Duvall,Atlanta Braves,St. Louis Cardinals,1,4,1,0,0,0,0,4,.252,.324,.576,-0.221,1.97,-0.16,2.33,-1.3,1,0,0,0,0,0,720
39,O.Arcia,Atlanta Braves,St. Louis Cardinals,1,2,0,0,0,1,1,3,.245,.331,.576,0.006,1.30,0.01,1.55,-0.1,0,0,0,0,0,0,720
40,Z.Short,Atlanta Braves,St. Louis Cardinals,1,0,0,0,0,0,0,1,.272,.149,.421,0.016,2.55,0.01,3.03,-0.2,0,0,0,0,0,0,720
41,A.Ibanez,Detroit Tigers,Toronto Blue Jays,0,5,1,2,2,0,0,5,.331,.445,.776,0.154,0.55,0.04,0.22,2.5,5,-5,7,0,0,3,720
42,J.Malloy,Detroit Tigers,Toronto Blue Jays,0,2,0,0,0,2,1,4,.316,.408,.724,-0.038,0.69,-0.01,0.28,0.3,0,0,0,0,0,0,720
43,C.Keith,Detroit Tigers,Toronto Blue Jays,0,1,0,0,0,0,1,1,.304,.387,.692,-0.002,0.06,0,0.02,-0.2,0,0,0,0,0,0,720
44,M.Vierling,Detroit Tigers,Toronto Blue Jays,0,5,1,2,0,0,2,5,.288,.440,.727,0.047,0.68,0.01,0.28,-0.4,3,2,0,0,0,2,720
45,M.Canha,Detroit Tigers,Toronto Blue Jays,0,4,1,1,0,1,2,5,.337,.350,.687,0.014,0.66,0.00,0.27,-0.3,2,1,0,0,0,1,720
46,W.Perez,Detroit Tigers,Toronto Blue Jays,0,3,1,0,0,0,0,4,.316,.404,.719,0.005,1.11,0.00,0.46,0.0,1,0,0,0,0,0,720
47,J.Rogers,Detroit Tigers,Toronto Blue Jays,0,4,1,1,4,0,1,4,.251,.360,.611,0.088,0.86,0.02,0.35,1.7,6,-6,0,0,7,4,720
48,J.Baez,Detroit Tigers,Toronto Blue Jays,0,4,1,1,0,0,2,4,.216,.244,.459,-0.043,0.52,-0.01,0.21,-0.1,2,1,0,0,0,1,720
49,G.Urshela,Detroit Tigers,Toronto Blue Jays,0,4,0,1,0,0,2,4,.292,.343,.635,-0.027,0.41,-0.01,0.17,0.1,1,1,0,0,0,1,720
50,R.Vilade,Detroit Tigers,Toronto Blue Jays,0,4,1,1,0,0,0,4,.345,.407,.752,-0.019,0.47,-0.01,0.20,-0.8,2,1,0,0,0,1,720
51,G.Springer,Toronto Blue Jays,Detroit Tigers,1,4,0,1,1,0,2,4,.309,.372,.681,-0.030,0.47,-0.00,0.05,0.4,2,1,0,0,0,1,720
52,S.Horwitz,Toronto Blue Jays,Detroit Tigers,1,3,1,0,0,1,0,4,.419,.472,.891,-0.015,0.55,-0.00,0.06,-0.4,1,0,0,0,0,0,720
53,V.Guerrero,Toronto Blue Jays,Detroit Tigers,1,4,1,3,2,0,0,4,.362,.472,.834,0.095,0.80,0.01,0.09,2.3,6,-13,0,0,16,0,720
54,J.Turner,Toronto Blue Jays,Detroit Tigers,1,4,0,0,0,0,1,4,.330,.338,.668,-0.159,0.93,-0.01,0.10,-1.7,0,0,0,0,0,0,720
55,D.Jansen,Toronto Blue Jays,Detroit Tigers,1,4,0,0,0,0,2,4,.310,.383,.693,-0.076,0.75,-0.01,0.08,-0.8,0,0,0,0,0,0,720
56,D.Varsho,Toronto Blue Jays,Detroit Tigers,1,2,0,0,0,1,1,3,.285,.403,.688,-0.008,0.68,-0.00,0.08,-0.1,0,0,0,0,0,0,720
57,D.Schneider,Toronto Blue Jays,Detroit Tigers,1,3,0,1,0,0,0,3,.311,.391,.702,-0.061,0.69,-0.00,0.08,-0.5,1,1,0,0,0,1,720
58,L.Jimenez,Toronto Blue Jays,Detroit Tigers,1,3,0,0,0,0,1,3,.419,.385,.804,-0.043,0.54,-0.00,0.06,-0.7,0,0,0,0,0,0,720
59,K.Kiermaier,Toronto Blue Jays,Detroit Tigers,1,2,1,1,0,0,0,2,.239,.314,.552,-0.011,0.40,-0.00,0.04,0.3,2,-5,6,0,0,2,720
60,E.Clement,Toronto Blue Jays,Detroit Tigers,1,1,0,0,0,0,0,1,.277,.426,.703,-0.014,0.57,-0.00,0.06,-0.2,0,0,0,0,0,0,720
61,A.Rendon,Los Angeles Angels,Oakland Athletics,0,4,0,0,1,0,1,5,.297,.283,.580,-0.059,0.62,-0.00,0.04,-1.5,1,0,0,0,0,0,720
62,N.Schanuel,Los Angeles Angels,Oakland Athletics,0,2,0,0,0,0,1,2,.326,.359,.685,-0.025,0.51,-0.00,0.03,-0.2,0,0,0,0,0,0,720
63,B.Drury,Los Angeles Angels,Oakland Athletics,0,1,0,0,0,1,0,2,.237,.210,.447,-0.004,0.19,0,0.01,-0.2,0,0,0,0,0,0,720
64,T.Ward,Los Angeles Angels,Oakland Athletics,0,3,1,0,0,1,0,4,.308,.393,.701,-0.031,0.47,-0.00,0.03,-0.2,1,0,0,0,0,0,720
65,W.Calhoun,Los Angeles Angels,Oakland Athletics,0,4,0,1,0,0,0,4,.337,.413,.750,0.043,0.70,0.00,0.04,-0.1,1,-13,14,0,0,2,720
66,L.O'Hoppe,Los Angeles Angels,Oakland Athletics,0,4,0,1,0,0,1,4,.327,.469,.796,-0.032,0.60,-0.00,0.04,-0.1,1,1,0,0,0,1,720
67,Z.Neto,Los Angeles Angels,Oakland Athletics,0,3,0,1,1,1,0,4,.310,.448,.758,0.060,0.96,0.00,0.06,1.5,2,-22,23,0,0,2,720
68,M.Moniak,Los Angeles Angels,Oakland Athletics,0,2,0,0,0,0,0,2,.254,.328,.582,-0.098,1.73,-0.00,0.10,-0.9,0,0,0,0,0,0,720
69,K.Pillar,Los Angeles Angels,Oakland Athletics,0,2,0,0,0,0,1,2,.332,.459,.790,-0.035,0.49,-0.00,0.03,-1.0,0,0,0,0,0,0,720
70,J.Adell,Los Angeles Angels,Oakland Athletics,0,3,1,2,0,1,0,4,.265,.401,.667,0.067,0.77,0.00,0.04,0.9,3,2,0,0,0,2,720
71,L.Guillorme,Los Angeles Angels,Oakland Athletics,0,4,0,1,0,0,2,4,.295,.300,.595,-0.026,0.54,-0.00,0.03,-0.3,1,1,0,0,0,1,720
72,L.Butler,Oakland Athletics,Los Angeles Angels,1,4,0,3,3,0,0,4,.297,.432,.729,0.092,0.68,0,0.00,3.1,6,-5,8,0,0,4,720
73,M.Andujar,Oakland Athletics,Los Angeles Angels,1,4,1,3,1,0,0,4,.320,.398,.717,-0.019,0.42,0,0.00,0.9,5,3,0,0,0,3,720
74,J.Bleday,Oakland Athletics,Los Angeles Angels,1,4,1,1,0,0,1,4,.313,.431,.745,0.074,0.42,0,0.00,-1.0,2,-26,27,0,0,2,720
75,B.Rooker,Oakland Athletics,Los Angeles Angels,1,3,2,2,3,1,0,4,.372,.579,.951,0.194,0.55,0.00,0.00,2.1,7,-20,0,0,22,5,720
76,S.Brown,Oakland Athletics,Los Angeles Angels,1,2,0,0,0,0,1,2,.265,.340,.605,-0.029,0.62,0,0.00,-0.5,0,0,0,0,0,0,720
77,T.Nevin,Oakland Athletics,Los Angeles Angels,1,2,0,0,0,0,0,2,.296,.346,.641,-0.003,0.06,0,0.00,-0.7,0,0,0,0,0,0,720
78,Z.Gelof,Oakland Athletics,Los Angeles Angels,1,4,0,0,0,0,2,4,.263,.372,.635,-0.025,0.26,0,0.00,-0.8,0,0,0,0,0,0,720
79,K.McCann,Oakland Athletics,Los Angeles Angels,1,2,1,1,0,0,1,2,.389,.457,.846,0.007,0.48,0,0.00,0.0,2,1,0,0,0,1,720
80,S.Langeliers,Oakland Athletics,Los Angeles Angels,1,2,0,0,0,0,1,2,.266,.440,.706,-0.002,0.03,0,0.00,-0.3,0,0,0,0,0,0,720
81,B.Harris,Oakland Athletics,Los Angeles Angels,1,2,1,0,0,2,0,4,.294,.297,.590,0.005,0.42,0,0.00,-0.1,1,0,0,0,0,0,720
82,M.Schuemann,Oakland Athletics,Los Angeles Angels,1,2,2,1,1,1,1,3,.349,.378,.727,0.068,0.69,0,0.00,1.5,4,-8,9,0,0,2,720
83,F.Lindor,New York Mets,Miami Marlins,0,4,0,1,0,1,0,5,.333,.451,.785,-0.015,1.01,-0.01,0.90,-0.2,1,1,0,0,0,1,720
84,B.Nimmo,New York Mets,Miami Marlins,0,4,0,0,0,1,2,5,.359,.447,.806,-0.096,1.25,-0.05,1.12,-1.0,0,0,0,0,0,0,720
85,J.Martinez,New York Mets,Miami Marlins,0,4,0,1,0,0,1,4,.345,.448,.793,-0.115,1.29,-0.06,1.15,-1.1,1,1,0,0,0,0,720
86,P.Alonso,New York Mets,Miami Marlins,0,4,1,1,0,0,1,4,.319,.450,.769,-0.033,1.00,-0.02,0.89,-0.4,2,-21,22,0,0,2,720
87,M.Vientos,New York Mets,Miami Marlins,0,2,0,0,0,1,0,4,.348,.537,.885,0.009,1.10,0.01,0.98,0.0,0,0,0,0,0,0,720
88,D.Stewart,New York Mets,Miami Marlins,0,2,0,1,0,1,1,3,.331,.312,.643,0.063,1.43,0.03,1.27,0.6,1,1,0,0,0,1,720
89,H.Bader,New York Mets,Miami Marlins,0,1,0,0,0,0,1,1,.307,.413,.720,-0.039,1.36,-0.02,1.21,-0.3,0,0,0,0,0,0,720
90,F.Alvarez,New York Mets,Miami Marlins,0,3,0,0,1,1,0,4,.359,.463,.822,-0.027,1.45,-0.01,1.29,-0.3,1,0,0,0,0,0,720
91,J.McNeil,New York Mets,Miami Marlins,0,4,0,0,0,0,2,4,.279,.336,.614,-0.127,1.18,-0.07,1.05,-1.4,0,0,0,0,0,0,720
92,J.Iglesias,New York Mets,Miami Marlins,0,4,0,2,0,0,1,4,.424,.581,1.005,0.020,0.92,0.01,0.82,0.3,2,2,0,0,0,2,720
93,J.Chisholm,Miami Marlins,New York Mets,1,4,0,0,0,1,2,5,.320,.402,.722,-0.145,1.42,0,0.00,-0.6,0,0,0,0,0,0,720
94,B.De,Miami Marlins,New York Mets,1,4,0,0,0,0,2,4,.284,.402,.686,-0.149,1.40,0,0.00,-1.0,0,0,0,0,0,0,720
95,J.Bell,Miami Marlins,New York Mets,1,3,0,0,0,1,2,4,.288,.351,.639,-0.120,1.34,0,0.00,-0.6,0,0,0,0,0,0,720
96,J.Burger,Miami Marlins,New York Mets,1,3,0,1,0,0,1,4,.271,.385,.656,0.015,1.59,0,0.00,0.2,1,1,0,0,0,1,720
97,J.Sanchez,Miami Marlins,New York Mets,1,4,0,2,0,0,1,4,.296,.423,.719,-0.023,1.46,0,0.00,-0.4,2,2,0,0,0,2,720
98,O.Lopez,Miami Marlins,New York Mets,1,3,0,1,0,1,0,4,.289,.355,.644,0.111,1.60,0,0.00,0.6,1,1,0,0,0,1,720
99,N.Gordon,Miami Marlins,New York Mets,1,4,0,0,0,0,3,4,.257,.389,.647,-0.298,2.88,0,0.00,-1.7,0,0,0,0,0,0,720
100,X.Edwards,Miami Marlins,New York Mets,1,3,0,0,0,1,1,4,.406,.393,.799,-0.085,2.17,0,0.00,-0.4,0,0,0,0,0,0,720
101,N.Fortes,Miami Marlins,New York Mets,1,2,0,0,0,0,0,3,.214,.258,.472,-0.096,1.79,0,0.00,-0.7,0,0,0,0,0,0,720
102,V.Brujan,Miami Marlins,New York Mets,1,1,0,0,0,0,1,1,.296,.313,.608,-0.069,2.73,0,0.00,-0.2,0,0,0,0,0,0,720
103,K.Schwarber,Philadelphia Phillies,Pittsburgh Pirates,0,4,0,0,0,0,1,4,.370,.447,.817,-0.085,0.80,-0.03,0.51,-0.7,0,0,0,0,0,0,720
104,T.Turner,Philadelphia Phillies,Pittsburgh Pirates,0,4,0,0,0,0,2,4,.389,.545,.933,-0.070,0.69,-0.03,0.43,-0.7,0,0,0,0,0,0,720
105,B.Harper,Philadelphia Phillies,Pittsburgh Pirates,0,4,1,1,1,0,0,4,.399,.579,.978,-0.054,0.63,-0.02,0.40,0.5,3,-21,0,0,22,4,720
106,A.Bohm,Philadelphia Phillies,Pittsburgh Pirates,0,3,0,0,0,1,0,4,.350,.478,.829,-0.021,0.69,-0.01,0.44,-0.2,0,0,0,0,0,0,720
107,J.Realmuto,Philadelphia Phillies,Pittsburgh Pirates,0,3,0,1,0,1,0,4,.313,.410,.722,0.047,0.89,0.02,0.56,0.2,1,1,0,0,0,0,720
108,B.Stott,Philadelphia Phillies,Pittsburgh Pirates,0,3,0,0,0,0,0,3,.323,.346,.669,-0.174,1.53,-0.07,0.96,-1.3,0,0,0,0,0,0,720
109,N.Castellanos,Philadelphia Phillies,Pittsburgh Pirates,0,3,0,1,0,0,0,3,.293,.396,.690,-0.006,0.85,-0.00,0.54,0.0,1,-16,17,0,0,2,720
110,B.Marsh,Philadelphia Phillies,Pittsburgh Pirates,0,2,0,0,0,0,1,2,.341,.431,.772,-0.083,1.48,-0.03,0.93,-0.8,0,0,0,0,0,0,720
111,W.Wilson,Philadelphia Phillies,Pittsburgh Pirates,0,1,0,0,0,0,1,1,.333,.500,.833,-0.037,1.45,-0.01,0.92,-0.2,0,0,0,0,0,0,720
112,J.Rojas,Philadelphia Phillies,Pittsburgh Pirates,0,3,0,1,0,0,1,3,.268,.298,.566,-0.033,0.84,-0.01,0.53,-0.3,1,1,0,0,0,1,720
113,A.McCutchen,Pittsburgh Pirates,Philadelphia Phillies,1,4,1,1,1,0,0,4,.333,.397,.731,0.106,0.95,0.06,0.94,0.3,3,-12,0,0,13,4,720
114,B.Reynolds,Pittsburgh Pirates,Philadelphia Phillies,1,3,1,2,0,1,0,4,.354,.492,.846,0.039,0.88,0.02,0.87,0.8,3,2,0,0,0,2,720
115,C.Joe,Pittsburgh Pirates,Philadelphia Phillies,1,4,0,1,0,0,0,4,.330,.393,.723,-0.037,0.98,-0.02,0.97,-0.9,1,-16,17,0,0,2,720
116,N.Gonzales,Pittsburgh Pirates,Philadelphia Phillies,1,4,1,1,0,0,1,4,.302,.402,.703,-0.042,0.83,-0.03,0.82,-0.7,2,1,0,0,0,1,720
117,O.Cruz,Pittsburgh Pirates,Philadelphia Phillies,1,4,1,2,3,0,2,4,.306,.460,.766,0.079,0.92,0.05,0.91,2.1,6,-33,20,0,15,6,720
118,K.Hayes,Pittsburgh Pirates,Philadelphia Phillies,1,4,0,2,0,0,0,4,.296,.309,.605,-0.036,0.79,-0.02,0.78,-0.0,2,2,0,0,0,2,720
119,M.A.,Pittsburgh Pirates,Philadelphia Phillies,1,4,0,0,0,0,1,4,.253,.273,.525,-0.090,0.88,-0.05,0.87,-1.3,0,0,0,0,0,0,720
120,J.Palacios,Pittsburgh Pirates,Philadelphia Phillies,1,3,0,0,0,0,0,3,.381,.457,.838,-0.057,0.75,-0.03,0.75,-0.6,0,0,0,0,0,0,720
121,Y.Grandal,Pittsburgh Pirates,Philadelphia Phillies,1,3,0,1,0,0,0,3,.210,.303,.513,0.024,0.54,0.01,0.53,0.2,1,-6,7,0,0,2,720
122,J.India,Cincinnati Reds,Washington Nationals,0,3,2,1,0,2,1,5,.380,.424,.804,0.042,1.08,0.01,0.59,0.7,3,1,0,0,0,1,720
123,E.De,Cincinnati Reds,Washington Nationals,0,4,1,1,1,1,1,5,.345,.480,.825,0.024,1.50,0.01,0.82,0.6,3,-19,20,0,0,2,720
124,J.Candelario,Cincinnati Reds,Washington Nationals,0,5,0,0,0,0,1,5,.294,.450,.744,-0.194,1.48,-0.06,0.81,-1.6,0,0,0,0,0,0,720
125,S.Steer,Cincinnati Reds,Washington Nationals,0,5,0,1,1,0,2,5,.334,.435,.770,0.035,1.29,0.01,0.71,0.7,2,1,0,0,0,1,720
126,T.Stephenson,Cincinnati Reds,Washington Nationals,0,2,1,1,1,2,0,4,.318,.443,.761,0.124,0.84,0.04,0.46,1.3,3,-10,0,0,11,4,720
127,A.Slater,Cincinnati Reds,Washington Nationals,0,2,0,0,1,1,0,4,.310,.229,.539,-0.022,1.12,-0.01,0.61,-0.3,1,0,0,0,0,0,720
128,N.Marte,Cincinnati Reds,Washington Nationals,0,4,0,1,0,0,2,4,.213,.243,.456,-0.076,1.22,-0.03,0.67,-0.5,1,1,0,0,0,1,720
129,R.Hinds,Cincinnati Reds,Washington Nationals,0,4,0,0,0,0,1,4,.389,.971,1.359,-0.103,1.19,-0.03,0.65,-0.9,0,0,0,0,0,0,720
130,S.Espinal,Cincinnati Reds,Washington Nationals,0,4,0,2,0,0,0,4,.265,.328,.593,-0.010,0.97,-0.00,0.53,-0.4,2,2,0,0,0,2,720
131,C.Abrams,Washington Nationals,Cincinnati Reds,1,5,1,2,1,0,0,5,.340,.482,.822,0.051,1.81,0.01,0.56,0.6,4,2,0,0,0,2,720
132,L.Thomas,Washington Nationals,Cincinnati Reds,1,4,0,1,1,0,1,4,.316,.401,.717,0.083,2.24,0.02,0.70,-0.2,2,-11,12,0,0,2,720
133,J.Yepez,Washington Nationals,Cincinnati Reds,1,4,0,1,0,0,2,4,.451,.578,1.029,-0.115,1.31,-0.02,0.41,-0.8,1,1,0,0,0,1,720
134,H.Ramirez,Washington Nationals,Cincinnati Reds,1,3,1,1,2,0,2,4,.280,.323,.604,0.148,1.42,0.03,0.45,1.5,4,-1,0,0,2,4,720
135,R.Adams,Washington Nationals,Cincinnati Reds,1,2,1,0,0,1,0,3,.302,.351,.653,0.044,0.72,0.01,0.22,0.4,1,0,0,0,0,0,720
136,K.Ruiz,Washington Nationals,Cincinnati Reds,1,1,0,0,0,0,0,1,.255,.337,.592,-0.088,3.20,-0.02,1.00,-0.5,0,0,0,0,0,0,720
137,I.Vargas,Washington Nationals,Cincinnati Reds,1,4,1,2,0,0,0,4,.315,.354,.669,0.148,1.52,0.03,0.47,0.8,3,-12,14,0,0,3,720
138,J.Wood,Washington Nationals,Cincinnati Reds,1,4,0,0,0,0,1,4,.309,.295,.604,-0.092,1.71,-0.02,0.54,-0.9,0,0,0,0,0,0,720
139,T.Lipscomb,Washington Nationals,Cincinnati Reds,1,4,0,0,0,0,2,4,.283,.257,.540,-0.267,1.83,-0.05,0.57,-1.5,0,0,0,0,0,0,720
140,J.Young,Washington Nationals,Cincinnati Reds,1,3,1,2,1,0,0,4,.320,.319,.639,0.407,1.85,0.08,0.58,1.7,4,2,0,0,0,2,720
141,G.Henderson,Baltimore Orioles,Texas Rangers,0,5,0,0,0,1,2,6,.375,.579,.954,-0.038,0.46,-0.03,0.56,-1.2,0,0,0,0,0,0,720
142,A.Rutschman,Baltimore Orioles,Texas Rangers,0,6,0,1,0,0,0,6,.337,.445,.782,-0.036,0.51,-0.03,0.62,-1.3,1,-12,13,0,0,2,720
143,A.Santander,Baltimore Orioles,Texas Rangers,0,4,0,1,1,1,0,6,.308,.518,.826,0.034,0.52,0.03,0.62,0.7,2,1,0,0,0,1,720
144,R.O'Hearn,Baltimore Orioles,Texas Rangers,0,2,2,1,1,2,1,6,.344,.468,.811,0.038,0.44,0.03,0.53,1.6,4,-11,0,0,12,4,720
145,H.Kjerstad,Baltimore Orioles,Texas Rangers,0,2,0,0,0,1,1,3,.413,.509,.922,-0.056,1.02,-0.04,1.23,-0.7,0,0,0,0,0,0,720
146,A.Hays,Baltimore Orioles,Texas Rangers,0,3,0,0,0,0,2,3,.301,.395,.696,-0.021,0.29,-0.02,0.35,-1.1,0,0,0,0,0,0,720
147,J.Westburg,Baltimore Orioles,Texas Rangers,0,5,2,3,2,0,0,5,.318,.500,.818,0.091,0.59,0.07,0.71,2.0,7,-13,0,0,16,6,720
148,C.Cowser,Baltimore Orioles,Texas Rangers,0,3,1,1,0,2,0,5,.310,.426,.736,0.064,0.47,0.05,0.56,0.3,2,1,0,0,0,1,720
149,C.Mullins,Baltimore Orioles,Texas Rangers,0,4,2,2,1,1,2,5,.258,.380,.638,0.211,0.67,0.15,0.80,2.0,5,-8,0,0,10,5,720
150,R.Urias,Baltimore Orioles,Texas Rangers,0,4,1,3,2,1,1,5,.319,.387,.706,0.086,0.46,0.06,0.55,1.6,6,3,0,0,0,3,720
151,M.Semien,Texas Rangers,Baltimore Orioles,1,2,1,0,0,3,2,5,.314,.392,.706,0.017,0.59,0.01,0.26,0.5,1,0,0,0,0,0,720
152,C.Seager,Texas Rangers,Baltimore Orioles,1,4,1,0,0,1,2,5,.354,.470,.825,-0.050,0.77,-0.01,0.34,-0.6,1,0,0,0,0,0,720
153,J.Smith,Texas Rangers,Baltimore Orioles,1,4,0,0,0,0,1,4,.386,.458,.843,-0.076,0.85,-0.02,0.38,-1.0,0,0,0,0,0,0,720
154,W.Langford,Texas Rangers,Baltimore Orioles,1,4,0,1,1,0,1,4,.313,.380,.693,0.018,0.56,0.01,0.24,0.7,2,-12,13,0,0,2,720
155,A.Garcia,Texas Rangers,Baltimore Orioles,1,4,0,0,1,0,1,4,.274,.397,.670,-0.086,0.83,-0.02,0.36,-0.6,1,0,0,0,0,0,720
156,N.Lowe,Texas Rangers,Baltimore Orioles,1,4,1,1,0,0,2,4,.345,.380,.725,-0.030,0.59,-0.01,0.26,-0.4,2,1,0,0,0,1,720
157,L.Taveras,Texas Rangers,Baltimore Orioles,1,3,0,2,0,1,1,4,.299,.339,.638,0.026,0.47,0.01,0.21,0.7,2,2,0,0,0,2,720
158,J.Foscue,Texas Rangers,Baltimore Orioles,1,4,1,1,0,0,2,4,.333,.500,.833,-0.025,0.69,-0.01,0.30,-0.5,2,0,1,0,0,2,720
159,A.Knizner,Texas Rangers,Baltimore Orioles,1,3,0,1,2,0,1,3,.172,.202,.375,0.091,0.97,0.02,0.42,1.1,3,1,0,0,0,1,720
160,J.Heim,Texas Rangers,Baltimore Orioles,1,1,0,0,0,0,0,1,.286,.348,.634,-0.014,0.51,-0.00,0.22,-0.3,0,0,0,0,0,0,720
161,L.Arraez,San Diego Padres,Cleveland Guardians,0,3,0,1,1,2,0,5,.347,.382,.728,0.115,0.89,0.06,0.79,1.1,2,1,0,0,0,1,720
162,J.Profar,San Diego Padres,Cleveland Guardians,0,4,0,0,0,0,1,5,.388,.465,.853,-0.079,0.95,-0.04,0.84,-1.4,0,0,0,0,0,0,720
163,J.Cronenworth,San Diego Padres,Cleveland Guardians,0,4,1,1,3,0,3,5,.328,.438,.766,0.016,1.09,0.01,0.96,1.9,5,-13,0,0,14,4,720
164,M.Machado,San Diego Padres,Cleveland Guardians,0,5,0,0,0,0,2,5,.312,.412,.723,-0.096,0.72,-0.05,0.64,-1.5,0,0,0,0,0,0,720
165,X.Bogaerts,San Diego Padres,Cleveland Guardians,0,5,0,2,0,0,1,5,.272,.319,.591,-0.007,0.55,-0.00,0.48,0.1,2,2,0,0,0,2,720
166,J.Merrill,San Diego Padres,Cleveland Guardians,0,5,1,2,0,0,3,5,.308,.432,.740,0.023,0.57,0.01,0.50,-0.1,3,-11,13,0,0,3,720
167,D.Peralta,San Diego Padres,Cleveland Guardians,0,3,2,2,1,1,0,4,.320,.362,.682,0.110,0.90,0.06,0.80,1.6,5,0,0,0,2,5,720
168,B.Johnson,San Diego Padres,Cleveland Guardians,0,1,0,0,0,0,1,1,.219,.172,.391,0.000,0.00,0,0.00,-0.3,0,0,0,0,0,0,720
169,H.Kim,San Diego Padres,Cleveland Guardians,0,5,2,1,0,0,0,5,.326,.370,.695,-0.008,0.90,-0.00,0.80,0.1,3,1,0,0,0,1,720
170,L.Campusano,San Diego Padres,Cleveland Guardians,0,4,1,2,2,0,0,4,.280,.378,.658,0.061,1.38,0.03,1.21,1.1,5,2,0,0,0,2,720
171,S.Kwan,Cleveland Guardians,San Diego Padres,1,3,0,0,0,0,0,3,.404,.507,.911,-0.074,0.93,-0.04,0.94,-0.7,0,0,0,0,0,0,720
172,W.Brennan,Cleveland Guardians,San Diego Padres,1,1,0,0,0,0,0,1,.304,.396,.700,0.000,0.00,0,0.00,-0.1,0,0,0,0,0,0,720
173,A.Martinez,Cleveland Guardians,San Diego Padres,1,3,0,0,0,0,2,3,.355,.426,.781,-0.066,0.88,-0.04,0.89,-0.6,0,0,0,0,0,0,720
174,J.Ramirez,Cleveland Guardians,San Diego Padres,1,3,0,0,0,0,1,3,.324,.513,.837,-0.043,0.57,-0.03,0.58,-0.4,0,0,0,0,0,0,720
175,J.Naylor,Cleveland Guardians,San Diego Padres,1,3,0,0,0,0,1,3,.322,.482,.804,-0.042,0.55,-0.03,0.56,-0.4,0,0,0,0,0,0,720
176,D.Fry,Cleveland Guardians,San Diego Padres,1,3,0,0,0,0,2,3,.393,.467,.860,-0.043,0.58,-0.03,0.59,-0.6,0,0,0,0,0,0,720
177,A.Gimenez,Cleveland Guardians,San Diego Padres,1,2,0,0,0,1,0,3,.302,.334,.636,0.017,0.38,0.01,0.38,-0.0,0,0,0,0,0,0,720
178,D.Schneemann,Cleveland Guardians,San Diego Padres,1,3,0,0,0,0,1,3,.327,.468,.795,-0.081,0.78,-0.05,0.79,-0.8,0,0,0,0,0,0,720
179,T.Freeman,Cleveland Guardians,San Diego Padres,1,3,0,1,0,0,1,3,.313,.351,.664,0.053,0.59,0.03,0.60,0.2,1,0,0,1,0,0,720
180,B.Naylor,Cleveland Guardians,San Diego Padres,1,3,0,0,0,0,2,3,.268,.336,.604,-0.085,0.77,-0.05,0.78,-0.9,0,0,0,0,0,0,720
181,T.Pham,Chicago White Sox,Kansas City Royals,0,5,1,1,0,0,1,5,.338,.375,.713,-0.019,0.52,0,0.00,-0.0,2,-11,12,0,0,2,720
182,A.Benintendi,Chicago White Sox,Kansas City Royals,0,3,0,1,1,1,0,4,.261,.310,.571,-0.019,0.76,0,0.00,-0.1,2,1,0,0,0,1,720
183,L.Robert,Chicago White Sox,Kansas City Royals,0,4,0,1,0,0,2,4,.310,.482,.792,-0.026,0.75,0,0.00,-0.3,1,-8,9,0,0,0,720
184,A.Vaughn,Chicago White Sox,Kansas City Royals,0,4,0,1,0,0,1,4,.290,.386,.675,-0.044,0.69,0,0.00,-0.5,1,1,0,0,0,1,720
185,E.Jimenez,Chicago White Sox,Kansas City Royals,0,2,0,0,0,2,1,4,.302,.350,.652,0.018,0.78,0,0.00,0.0,0,0,0,0,0,0,720
186,B.Baldwin,Chicago White Sox,Kansas City Royals,0,4,0,0,0,0,3,4,.143,.143,.286,-0.118,1.13,0,0.00,-1.5,0,0,0,0,0,0,720
187,N.Lopez,Chicago White Sox,Kansas City Royals,0,3,0,1,0,0,0,3,.298,.287,.585,-0.027,0.51,0,0.00,-0.4,1,1,0,0,0,1,720
188,N.Senzel,Chicago White Sox,Kansas City Royals,0,1,0,0,0,0,0,1,.297,.351,.648,-0.004,0.16,0,0.00,-0.2,0,0,0,0,0,0,720
189,P.DeJong,Chicago White Sox,Kansas City Royals,0,4,0,1,0,0,2,4,.271,.417,.688,-0.011,0.34,0,0.00,-0.3,1,1,0,0,0,1,720
190,C.Robinson,Chicago White Sox,Kansas City Royals,0,3,0,1,0,0,0,3,.333,.333,.667,-0.024,0.49,0,0.00,-0.4,1,1,0,0,0,1,720
191,C.Julks,Chicago White Sox,Kansas City Royals,0,0,0,0,0,1,0,1,.314,.385,.699,0.001,0.03,0,0.00,0.1,0,0,0,0,0,0,720
192,A.Frazier,Kansas City Royals,Chicago White Sox,1,3,0,0,0,0,2,3,.281,.295,.576,-0.061,0.62,-0.04,0.72,-1.1,0,0,0,0,0,0,720
193,N.Loftin,Kansas City Royals,Chicago White Sox,1,1,0,0,0,0,0,1,.291,.246,.538,0.004,0.08,0.00,0.09,0.4,0,0,0,0,0,0,720
194,B.Witt,Kansas City Royals,Chicago White Sox,1,4,1,3,1,0,0,4,.379,.574,.952,0.029,0.72,0.02,0.84,1.1,5,-23,26,0,0,0,720
195,V.Pasquantino,Kansas City Royals,Chicago White Sox,1,4,1,1,0,0,1,4,.306,.416,.722,0.013,0.49,0.01,0.57,-0.6,2,1,0,0,0,1,720
196,S.Perez,Kansas City Royals,Chicago White Sox,1,3,1,2,1,1,0,4,.346,.474,.821,0.090,0.40,0.06,0.47,1.2,4,2,0,0,0,2,720
197,M.Massey,Kansas City Royals,Chicago White Sox,1,4,1,1,1,0,1,4,.290,.490,.780,0.073,0.37,0.05,0.43,-0.6,3,0,0,1,0,3,720
198,H.Renfroe,Kansas City Royals,Chicago White Sox,1,3,0,1,2,1,1,4,.303,.388,.691,0.080,0.39,0.06,0.45,1.7,3,-14,15,0,0,2,720
199,D.Waters,Kansas City Royals,Chicago White Sox,1,3,0,0,0,0,2,3,.091,.091,.182,-0.029,0.34,-0.02,0.40,-0.8,0,0,0,0,0,0,720
200,G.Hampson,Kansas City Royals,Chicago White Sox,1,0,0,0,1,1,0,1,.309,.354,.663,0.006,0.20,0.01,0.23,1.0,1,0,0,0,0,0,720
201,M.Garcia,Kansas City Royals,Chicago White Sox,1,4,1,1,0,0,0,4,.284,.345,.629,0.042,0.29,0.03,0.33,-0.2,2,-15,16,0,0,2,720
202,K.Isbel,Kansas City Royals,Chicago White Sox,1,3,0,0,0,0,1,3,.282,.376,.658,-0.029,0.23,-0.02,0.27,-0.7,0,0,0,0,0,0,720
203,B.Turang,Milwaukee Brewers,Minnesota Twins,0,6,2,1,3,0,2,6,.339,.386,.725,0.139,2.08,0.11,2.77,0.9,6,1,0,0,0,1,720
204,W.Contreras,Milwaukee Brewers,Minnesota Twins,0,6,0,2,1,0,2,6,.351,.439,.790,0.022,0.95,0.02,1.27,0.6,3,2,0,0,0,2,720
205,C.Yelich,Milwaukee Brewers,Minnesota Twins,0,5,0,0,1,0,1,6,.405,.511,.917,-0.030,1.32,-0.02,1.77,-1.0,1,0,0,0,0,0,720
206,W.Adames,Milwaukee Brewers,Minnesota Twins,0,4,0,2,0,1,0,5,.333,.430,.764,-0.001,0.94,-0.00,1.25,0.4,2,2,0,0,0,2,720
207,S.Frelick,Milwaukee Brewers,Minnesota Twins,0,2,1,0,0,1,0,5,.349,.352,.700,-0.077,1.15,-0.06,1.54,-1.0,1,0,0,0,0,0,720
208,R.Hoskins,Milwaukee Brewers,Minnesota Twins,0,4,0,0,0,0,1,4,.304,.408,.712,-0.197,1.84,-0.16,2.46,-1.3,0,0,0,0,0,0,720
209,B.Perkins,Milwaukee Brewers,Minnesota Twins,0,1,1,1,0,0,0,1,.324,.359,.683,0.051,3.94,0.04,5.26,0.4,2,1,0,0,0,1,720
210,G.Mitchell,Milwaukee Brewers,Minnesota Twins,0,3,1,1,0,0,1,3,.361,.379,.740,0.007,1.10,0.01,1.46,0.1,2,-1,2,0,0,2,720
211,J.Bauers,Milwaukee Brewers,Minnesota Twins,0,2,1,1,0,0,1,2,.323,.388,.711,0.064,3.96,0.05,5.29,0.5,2,1,0,0,0,1,720
212,J.Ortiz,Milwaukee Brewers,Minnesota Twins,0,4,1,0,1,0,1,5,.363,.424,.787,-0.077,2.62,-0.06,3.50,-1.0,2,0,0,0,0,0,720
213,J.Chourio,Milwaukee Brewers,Minnesota Twins,0,5,1,3,2,0,0,5,.299,.388,.687,0.158,1.87,0.13,2.49,1.9,6,3,0,0,0,3,720
214,W.Castro,Minnesota Twins,Milwaukee Brewers,1,6,1,1,0,0,2,6,.349,.420,.770,0.011,1.60,0.01,2.02,-0.8,2,-22,23,0,0,2,720
215,T.Larnach,Minnesota Twins,Milwaukee Brewers,1,2,0,0,0,1,0,3,.312,.422,.734,-0.042,1.20,-0.03,1.51,-0.3,0,0,0,0,0,0,720
216,D.Castillo,Minnesota Twins,Milwaukee Brewers,1,3,0,1,2,0,1,3,.333,.200,.533,0.074,2.47,0.06,3.11,1.1,3,1,0,0,0,1,720
217,B.Buxton,Minnesota Twins,Milwaukee Brewers,1,4,0,0,0,2,2,6,.333,.488,.821,-0.126,1.66,-0.10,2.09,-0.9,0,0,0,0,0,0,720
218,B.Lee,Minnesota Twins,Milwaukee Brewers,1,5,1,1,0,0,1,5,.302,.408,.710,-0.143,1.77,-0.11,2.24,-0.8,2,1,0,0,0,1,720
219,M.Kepler,Minnesota Twins,Milwaukee Brewers,1,5,0,1,0,0,1,5,.307,.390,.697,-0.204,2.06,-0.15,2.60,-1.1,1,1,0,0,0,1,720
220,R.Jeffers,Minnesota Twins,Milwaukee Brewers,1,5,0,0,0,0,0,5,.319,.458,.777,-0.215,1.69,-0.16,2.14,-1.2,0,0,0,0,0,0,720
221,C.Santana,Minnesota Twins,Milwaukee Brewers,1,4,1,1,2,1,1,5,.327,.434,.761,0.430,1.17,0.33,1.47,1.4,4,-13,0,0,14,4,720
222,M.Wallner,Minnesota Twins,Milwaukee Brewers,1,2,0,0,0,0,2,2,.344,.449,.793,-0.061,1.22,-0.05,1.54,-0.5,0,0,0,0,0,0,720
223,M.Margot,Minnesota Twins,Milwaukee Brewers,1,3,1,1,0,0,1,3,.296,.337,.633,-0.014,1.52,-0.01,1.92,-0.1,2,-8,9,0,0,2,720
224,E.Julien,Minnesota Twins,Milwaukee Brewers,1,2,0,1,0,0,0,2,.311,.368,.680,0.027,1.06,0.02,1.34,0.3,1,1,0,0,0,1,720
225,A.Martin,Minnesota Twins,Milwaukee Brewers,1,3,0,0,0,0,1,3,.323,.362,.685,-0.179,2.23,-0.14,2.82,-1.0,0,0,0,0,0,0,720
226,C.Carroll,Arizona Diamondbacks,Chicago Cubs,0,5,1,1,2,0,1,5,.299,.339,.638,0.129,0.67,0.09,0.75,0.6,4,-5,0,0,6,4,720
227,K.Marte,Arizona Diamondbacks,Chicago Cubs,0,3,0,0,0,1,0,4,.364,.511,.875,-0.018,0.43,-0.01,0.47,-0.4,0,0,0,0,0,0,720
228,J.Pederson,Arizona Diamondbacks,Chicago Cubs,0,3,0,1,0,0,0,4,.375,.496,.871,-0.018,0.40,-0.01,0.45,0.1,1,1,0,0,0,1,720
229,C.Walker,Arizona Diamondbacks,Chicago Cubs,0,4,0,0,0,0,1,4,.343,.488,.831,-0.074,0.71,-0.05,0.79,-1.0,0,0,0,0,0,0,720
230,L.Gurriel,Arizona Diamondbacks,Chicago Cubs,0,4,0,0,0,0,2,4,.294,.416,.710,-0.059,0.57,-0.04,0.64,-0.9,0,0,0,0,0,0,720
231,G.Moreno,Arizona Diamondbacks,Chicago Cubs,0,3,0,1,0,1,0,4,.338,.374,.712,-0.004,0.35,-0.00,0.39,0.2,1,1,0,0,0,1,720
232,E.Suarez,Arizona Diamondbacks,Chicago Cubs,0,4,0,1,0,0,1,4,.299,.360,.658,-0.021,0.62,-0.01,0.69,-0.5,1,1,0,0,0,1,720
233,A.Thomas,Arizona Diamondbacks,Chicago Cubs,0,4,1,2,1,0,0,4,.241,.429,.670,0.101,0.71,0.07,0.79,1.1,4,-1,0,0,3,5,720
234,G.Perdomo,Arizona Diamondbacks,Chicago Cubs,0,3,1,0,0,1,1,4,.331,.333,.664,-0.018,0.57,-0.01,0.64,-0.8,1,0,0,0,0,0,720
235,N.Hoerner,Chicago Cubs,Arizona Diamondbacks,1,4,0,0,0,1,0,5,.338,.351,.688,-0.049,0.91,-0.01,0.47,-0.7,0,0,0,0,0,0,720
236,M.Busch,Chicago Cubs,Arizona Diamondbacks,1,4,0,1,0,0,1,4,.357,.467,.823,0.073,0.96,0.02,0.49,0.6,1,-20,21,0,0,0,720
237,S.Suzuki,Chicago Cubs,Arizona Diamondbacks,1,2,0,0,0,2,2,4,.337,.470,.808,-0.042,0.86,-0.01,0.45,-0.3,0,0,0,0,0,0,720
238,I.Happ,Chicago Cubs,Arizona Diamondbacks,1,3,0,0,0,1,2,4,.347,.450,.797,-0.128,1.30,-0.04,0.68,-1.2,0,0,0,0,0,0,720
239,C.Morel,Chicago Cubs,Arizona Diamondbacks,1,3,0,0,0,1,1,4,.304,.383,.688,-0.067,1.42,-0.02,0.73,-0.7,0,0,0,0,0,0,720
240,M.Tauchman,Chicago Cubs,Arizona Diamondbacks,1,4,0,0,0,0,0,4,.351,.372,.723,-0.142,1.38,-0.04,0.71,-1.3,0,0,0,0,0,0,720
241,D.Swanson,Chicago Cubs,Arizona Diamondbacks,1,3,0,0,0,1,0,4,.281,.345,.626,-0.059,0.81,-0.02,0.41,-0.5,0,0,0,0,0,0,720
242,M.Amaya,Chicago Cubs,Arizona Diamondbacks,1,3,0,2,0,0,0,3,.275,.298,.573,0.017,0.69,0.01,0.36,0.2,2,2,0,0,0,2,720
243,M.Mastrobuoni,Chicago Cubs,Arizona Diamondbacks,1,1,0,1,0,0,0,1,.270,.247,.517,0.033,0.52,0.01,0.27,0.4,1,-2,3,0,0,2,720
244,P.Crow-Armstrong,Chicago Cubs,Arizona Diamondbacks,1,4,0,0,0,0,1,4,.243,.315,.558,-0.118,1.09,-0.04,0.57,-1.2,0,0,0,0,0,0,720
245,R.Refsnyder,Boston Red Sox,Los Angeles Dodgers,0,5,1,1,0,0,1,5,.392,.455,.847,-0.116,1.35,-0.08,1.60,-1.3,2,1,0,0,0,1,720
246,M.Yoshida,Boston Red Sox,Los Angeles Dodgers,0,1,0,0,0,0,0,1,.323,.365,.688,-0.131,4.88,-0.09,5.76,-0.4,0,0,0,0,0,0,720
247,J.Duran,Boston Red Sox,Los Angeles Dodgers,0,3,2,2,2,2,1,5,.349,.491,.840,0.369,1.30,0.26,1.53,2.7,6,-27,29,0,0,3,720
248,T.O'Neill,Boston Red Sox,Los Angeles Dodgers,0,5,2,2,4,0,2,5,.354,.517,.871,0.479,2.26,0.34,2.66,1.3,8,-16,0,0,18,8,720
249,R.Devers,Boston Red Sox,Los Angeles Dodgers,0,4,0,0,0,1,1,5,.374,.588,.961,-0.075,0.96,-0.05,1.14,-0.7,0,0,0,0,0,0,720
250,C.Wong,Boston Red Sox,Los Angeles Dodgers,0,5,0,1,0,0,2,5,.362,.440,.802,-0.051,0.93,-0.04,1.10,-0.6,1,-7,8,0,0,2,720
251,R.Gonzalez,Boston Red Sox,Los Angeles Dodgers,0,5,0,1,0,0,2,5,.310,.368,.678,-0.028,0.99,-0.02,1.17,-0.5,1,-3,4,0,0,2,720
252,J.Westbrook,Boston Red Sox,Los Angeles Dodgers,0,2,0,0,0,0,0,2,.258,.385,.643,-0.077,1.36,-0.06,1.61,-0.7,0,0,0,0,0,0,720
253,W.Abreu,Boston Red Sox,Los Angeles Dodgers,0,2,0,1,0,0,1,3,.327,.476,.803,0.080,1.78,0.06,2.10,0.6,1,-20,21,0,0,2,720
254,D.Smith,Boston Red Sox,Los Angeles Dodgers,0,4,0,0,0,1,2,5,.319,.362,.681,-0.187,1.80,-0.13,2.12,-1.1,0,0,0,0,0,0,720
255,C.Rafaela,Boston Red Sox,Los Angeles Dodgers,0,4,1,2,0,1,0,5,.278,.420,.697,-0.074,1.74,-0.05,2.06,-0.1,3,2,0,0,0,2,720
256,S.Ohtani,Los Angeles Dodgers,Boston Red Sox,1,4,1,1,0,2,0,6,.400,.632,1.033,0.039,2.21,0.03,2.76,0.6,2,-24,25,0,0,2,720
257,W.Smith,Los Angeles Dodgers,Boston Red Sox,1,6,0,1,1,0,2,6,.345,.484,.829,-0.093,2.59,-0.07,3.25,-0.4,2,1,0,0,0,1,720
258,F.Freeman,Los Angeles Dodgers,Boston Red Sox,1,4,2,2,0,1,0,5,.396,.497,.894,-0.018,1.93,-0.01,2.41,-0.1,4,2,0,0,0,2,720
259,T.Hernandez,Los Angeles Dodgers,Boston Red Sox,1,5,0,2,1,0,3,5,.327,.475,.801,0.218,2.28,0.16,2.85,1.0,3,2,0,0,0,2,720
260,A.Pages,Los Angeles Dodgers,Boston Red Sox,1,3,1,1,2,1,1,5,.307,.398,.705,0.310,2.28,0.23,2.85,1.3,4,-15,16,0,0,2,720
261,M.Rojas,Los Angeles Dodgers,Boston Red Sox,1,5,0,0,0,0,2,5,.317,.408,.725,-0.620,2.97,-0.46,3.72,-2.7,0,0,0,0,0,0,720
262,G.Lux,Los Angeles Dodgers,Boston Red Sox,1,2,1,2,1,0,0,2,.270,.312,.581,0.175,0.70,0.13,0.88,1.4,4,-11,9,0,4,6,720
263,E.Hernandez,Los Angeles Dodgers,Boston Red Sox,1,3,2,2,2,0,1,3,.264,.320,.584,0.745,3.48,0.56,4.35,1.4,6,-4,0,0,6,5,720
264,J.Outman,Los Angeles Dodgers,Boston Red Sox,1,2,0,0,0,0,0,2,.250,.258,.508,-0.062,1.13,-0.05,1.41,-0.5,0,0,0,0,0,0,720
265,M.Vargas,Los Angeles Dodgers,Boston Red Sox,1,1,0,0,0,1,1,2,.319,.444,.764,-0.004,1.83,-0.00,2.29,0.0,0,0,0,0,0,0,720
266,C.Biggio,Los Angeles Dodgers,Boston Red Sox,1,0,0,0,0,0,0,1,.316,.280,.596,0.017,2.58,0.01,3.23,-0.2,0,0,0,0,0,0,720
267,C.Taylor,Los Angeles Dodgers,Boston Red Sox,1,4,0,1,0,1,2,5,.272,.253,.525,-0.018,2.33,-0.01,2.92,-0.2,1,-3,4,0,0,2,720
268,M.Winn,St Louis Cardinals,Atlanta Braves,0,5,2,2,0,0,2,5,.334,.418,.752,0.071,0.65,0.05,0.76,0.4,4,-3,0,5,0,4,720
269,A.Burleson,St Louis Cardinals,Atlanta Braves,0,4,1,3,3,0,0,5,.323,.492,.815,0.118,0.97,0.08,1.13,1.4,7,3,0,0,0,3,720
270,W.Contreras,St Louis Cardinals,Atlanta Braves,0,5,1,3,1,0,1,5,.404,.511,.915,0.043,0.84,0.03,0.98,1.0,5,3,0,0,0,3,720
271,P.Goldschmidt,St Louis Cardinals,Atlanta Braves,0,5,0,0,0,0,3,5,.287,.365,.652,-0.096,0.85,-0.07,0.99,-1.6,0,0,0,0,0,0,720
272,B.Donovan,St Louis Cardinals,Atlanta Braves,0,5,1,2,3,0,0,5,.342,.415,.757,0.057,0.68,0.04,0.80,1.7,6,-7,0,0,9,5,720
273,N.Arenado,St Louis Cardinals,Atlanta Braves,0,4,1,1,0,1,2,5,.323,.386,.709,0.055,0.50,0.04,0.59,0.2,2,1,0,0,0,1,720
274,L.Nootbaar,St Louis Cardinals,Atlanta Braves,0,4,0,1,0,0,1,4,.325,.401,.726,-0.088,0.77,-0.06,0.90,-0.5,1,-8,9,0,0,2,720
275,N.Gorman,St Louis Cardinals,Atlanta Braves,0,4,1,1,2,0,3,4,.279,.420,.699,0.145,0.56,0.10,0.66,1.1,4,-17,0,0,18,4,720
276,M.Siani,St Louis Cardinals,Atlanta Braves,0,3,2,1,0,1,2,4,.269,.305,.574,0.080,0.66,0.06,0.77,0.5,3,1,0,0,0,1,720
277,J.Kelenic,Atlanta Braves,St. Louis Cardinals,1,4,1,1,0,0,1,4,.302,.418,.720,0.036,0.75,0.02,0.85,0.4,2,-1,0,2,0,3,720
278,O.Albies,Atlanta Braves,St. Louis Cardinals,1,4,0,1,1,0,1,4,.308,.403,.711,-0.049,1.17,-0.03,1.33,-0.1,2,1,0,0,0,1,720
279,A.Riley,Atlanta Braves,St. Louis Cardinals,1,4,1,2,1,0,2,4,.332,.462,.795,0.123,1.14,0.08,1.30,0.8,4,-32,21,0,13,6,720
280,M.Olson,Atlanta Braves,St. Louis Cardinals,1,4,0,0,0,0,2,4,.303,.396,.699,-0.149,1.47,-0.10,1.68,-0.9,0,0,0,0,0,0,720
281,M.Ozuna,Atlanta Braves,St. Louis Cardinals,1,4,2,2,2,0,1,4,.379,.593,.972,0.014,1.32,0.01,1.51,1.3,6,-26,0,0,28,8,720
282,E.Rosario,Atlanta Braves,St. Louis Cardinals,1,4,1,2,1,0,1,4,.228,.343,.571,0.137,0.55,0.09,0.62,1.0,4,-7,0,0,9,5,720
283,A.Duvall,Atlanta Braves,St. Louis Cardinals,1,4,0,0,0,0,1,4,.248,.319,.567,-0.110,0.76,-0.07,0.86,-1.3,0,0,0,0,0,0,720
284,S.Murphy,Atlanta Braves,St. Louis Cardinals,1,4,0,0,0,0,1,4,.268,.363,.631,-0.072,0.70,-0.05,0.80,-0.6,0,0,0,0,0,0,720
285,O.Arcia,Atlanta Braves,St. Louis Cardinals,1,3,0,1,0,0,2,3,.246,.331,.577,-0.045,0.83,-0.03,0.94,-0.3,1,1,0,0,0,1,720
286,J.Soler,San Francisco Giants,Colorado Rockies,0,4,0,0,0,0,2,4,.300,.389,.689,-0.144,1.33,-0.05,0.70,-1.0,0,0,0,0,0,0,720
287,L.Matos,San Francisco Giants,Colorado Rockies,0,3,0,0,0,0,0,3,.241,.338,.579,-0.061,0.78,-0.02,0.41,-0.5,0,0,0,0,0,0,720
288,M.Conforto,San Francisco Giants,Colorado Rockies,0,1,0,0,0,0,0,1,.305,.429,.734,-0.041,1.61,-0.01,0.85,-0.2,0,0,0,0,0,0,720
289,H.Ramos,San Francisco Giants,Colorado Rockies,0,4,0,1,0,0,1,4,.362,.519,.880,-0.016,0.87,-0.01,0.46,-0.0,1,1,0,0,0,1,720
290,M.Chapman,San Francisco Giants,Colorado Rockies,0,3,1,0,0,1,0,4,.320,.409,.730,-0.057,1.40,-0.02,0.74,-0.0,1,0,0,0,0,0,720
291,W.Flores,San Francisco Giants,Colorado Rockies,0,3,0,1,1,0,0,3,.278,.319,.597,0.024,1.36,0.01,0.72,0.1,2,-11,12,0,0,2,720
292,L.Wade,San Francisco Giants,Colorado Rockies,0,1,0,0,0,0,1,1,.431,.416,.847,-0.057,2.21,-0.02,1.17,-0.2,0,0,0,0,0,0,720
293,T.Estrada,San Francisco Giants,Colorado Rockies,0,4,0,0,0,0,0,4,.252,.358,.610,-0.156,1.44,-0.05,0.76,-1.0,0,0,0,0,0,0,720
294,M.Yastrzemski,San Francisco Giants,Colorado Rockies,0,3,1,1,0,0,2,3,.320,.444,.764,0.015,1.24,0.01,0.66,0.1,2,-5,0,6,0,3,720
295,C.Casali,San Francisco Giants,Colorado Rockies,0,2,0,0,0,0,1,2,.339,.250,.589,-0.104,1.40,-0.03,0.74,-0.9,0,0,0,0,0,0,720
296,P.Bailey,San Francisco Giants,Colorado Rockies,0,1,0,0,0,0,1,1,.351,.423,.774,-0.032,1.27,-0.01,0.67,-0.2,0,0,0,0,0,0,720
297,T.Fitzgerald,San Francisco Giants,Colorado Rockies,0,3,1,2,2,0,1,3,.348,.488,.836,0.203,1.11,0.06,0.58,1.8,5,-6,5,0,3,6,720
298,C.Blackmon,Colorado Rockies,San Francisco Giants,1,2,1,0,0,2,1,4,.333,.413,.747,0.002,1.07,0,0.00,0.2,1,0,0,0,0,0,720
299,E.Tovar,Colorado Rockies,San Francisco Giants,1,4,2,2,2,0,1,4,.305,.476,.781,0.187,1.21,0,0.00,1.3,6,-14,0,0,16,5,720
300,R.McMahon,Colorado Rockies,San Francisco Giants,1,2,0,1,0,2,1,4,.354,.444,.798,0.083,0.76,0,0.00,1.1,1,1,0,0,0,1,720
301,E.Diaz,Colorado Rockies,San Francisco Giants,1,1,0,0,0,0,0,1,.333,.398,.732,-0.070,1.89,0,0.01,-1.0,0,0,0,0,0,0,720
302,J.Stallings,Colorado Rockies,San Francisco Giants,1,3,0,1,0,0,0,3,.351,.414,.765,-0.009,0.71,0,0.00,-0.3,1,1,0,0,0,1,720
303,B.Doyle,Colorado Rockies,San Francisco Giants,1,4,0,1,1,0,1,4,.344,.478,.822,-0.017,0.91,0,0.00,-0.4,2,1,0,0,0,1,720
304,J.Cave,Colorado Rockies,San Francisco Giants,1,4,0,0,0,0,2,4,.302,.382,.684,-0.070,0.67,0,0.00,-0.9,0,0,0,0,0,0,720
305,B.Rodgers,Colorado Rockies,San Francisco Giants,1,3,0,1,0,0,0,3,.306,.380,.686,-0.005,0.59,0,0.00,-0.1,1,1,0,0,0,1,720
306,M.Toglia,Colorado Rockies,San Francisco Giants,1,3,0,1,0,0,1,3,.266,.503,.769,-0.031,0.63,0,0.00,-0.3,1,1,0,0,0,1,720
307,S.Hilliard,Colorado Rockies,San Francisco Giants,1,3,1,1,0,0,1,3,.344,.517,.861,0.004,0.87,0,0.00,-0.1,2,1,0,0,0,1,720
308,J.Altuve,Houston Astros,Seattle Mariners,0,4,0,1,0,0,0,4,.352,.457,.809,-0.055,0.62,-0.05,0.94,-0.5,1,1,0,0,0,1,720
309,A.Bregman,Houston Astros,Seattle Mariners,0,3,1,1,0,0,1,4,.320,.413,.732,0.054,1.18,0.05,1.80,0.4,2,1,0,0,0,1,720
310,Y.Alvarez,Houston Astros,Seattle Mariners,0,4,0,0,0,0,2,4,.379,.523,.902,-0.099,1.08,-0.09,1.66,-0.9,0,0,0,0,0,0,720
311,Y.Diaz,Houston Astros,Seattle Mariners,0,4,1,2,1,0,1,4,.313,.418,.731,0.125,1.01,0.11,1.55,0.9,4,-6,0,0,8,5,720
312,J.Singleton,Houston Astros,Seattle Mariners,0,4,0,1,0,0,2,4,.328,.355,.683,-0.039,1.04,-0.04,1.60,-0.3,1,-5,6,0,0,2,720
313,J.Pena,Houston Astros,Seattle Mariners,0,3,1,1,1,1,0,4,.319,.380,.700,0.161,1.39,0.15,2.12,0.8,3,1,0,0,0,1,720
314,J.Meyers,Houston Astros,Seattle Mariners,0,4,1,1,2,0,1,4,.307,.426,.733,0.259,1.56,0.24,2.38,0.7,4,-10,0,0,11,4,720
315,J.Loperfido,Houston Astros,Seattle Mariners,0,4,0,0,0,0,2,4,.305,.385,.690,-0.073,0.74,-0.07,1.13,-0.7,0,0,0,0,0,0,720
316,T.Cabbage,Houston Astros,Seattle Mariners,0,3,0,0,0,0,2,3,.253,.384,.637,-0.049,0.68,-0.04,1.04,-0.4,0,0,0,0,0,0,720
317,J.Crawford,Seattle Mariners,Houston Astros,1,4,0,0,0,0,1,4,.297,.348,.645,-0.077,0.78,-0.07,1.20,-0.5,0,0,0,0,0,0,720
318,V.Robles,Seattle Mariners,Houston Astros,1,3,1,1,0,1,1,4,.387,.387,.774,0.055,1.18,0.05,1.82,0.5,2,1,0,0,0,1,720
319,J.Rodriguez,Seattle Mariners,Houston Astros,1,4,1,1,2,0,1,4,.317,.375,.692,0.227,1.53,0.21,2.35,1.0,4,-10,0,0,11,4,720
320,C.Raleigh,Seattle Mariners,Houston Astros,1,2,0,0,0,1,0,4,.298,.427,.725,-0.006,0.84,-0.01,1.30,-0.1,0,0,0,0,0,0,720
321,M.Garver,Seattle Mariners,Houston Astros,1,3,0,0,0,1,1,4,.288,.348,.636,-0.084,1.08,-0.08,1.66,-0.7,0,0,0,0,0,0,720
322,J.Polanco,Seattle Mariners,Houston Astros,1,3,0,1,0,1,0,4,.287,.286,.574,-0.027,1.03,-0.03,1.59,-0.1,1,1,0,0,0,1,720
323,D.Moore,Seattle Mariners,Houston Astros,1,2,0,0,0,0,1,2,.310,.397,.708,-0.073,1.48,-0.07,2.28,-0.6,0,0,0,0,0,0,720
324,J.Rojas,Seattle Mariners,Houston Astros,1,1,0,0,0,0,0,1,.321,.354,.675,-0.021,0.76,-0.02,1.17,-0.2,0,0,0,0,0,0,720
325,R.Bliss,Seattle Mariners,Houston Astros,1,1,0,0,0,0,1,1,.292,.356,.648,-0.026,1.07,-0.02,1.65,-0.1,0,0,0,0,0,0,720
326,M.Haniger,Seattle Mariners,Houston Astros,1,2,0,0,0,1,2,3,.283,.333,.616,0.034,1.23,0.03,1.90,0.1,0,0,0,0,0,0,720
327,J.Clase,Seattle Mariners,Houston Astros,1,0,0,0,0,1,0,1,.225,.211,.436,-0.098,1.85,-0.09,2.85,-0.5,0,0,0,0,0,0,720
328,T.France,Seattle Mariners,Houston Astros,1,2,0,0,0,0,1,2,.313,.351,.664,-0.048,0.97,-0.04,1.50,-0.4,0,0,0,0,0,0,720
329,L.Raley,Seattle Mariners,Houston Astros,1,2,0,0,0,0,2,2,.293,.409,.702,-0.074,1.42,-0.07,2.19,-0.4,0,0,0,0,0,0,720
