PlayerName,PlayerTeam,PlayerPredictions_DNN_H,PlayerPredictions_MLP_H,PlayerPredictions_RF_H,PlayerPredictions_XGB_H,PlayerPredictions_LSTM_H
L.Raley,Seattle Mariners,[[-0.16377936]],[-8.24792082e-05],[0.],[1.2166862e-05],[[0.51642406]]
A.Rendon,Los Angeles Angels,[[0.09935938]],[0.05043465],[0.],[5.5128323e-05],[[1.051658]]
A.Hicks,Los Angeles Angels,[[0.5302684]],[0.01903154],[0.],[5.7411766e-05],[[1.1166486]]
M.Trout,Los Angeles Angels,[[1.272586]],[1.12110187],[1.],[1.0000272],[[1.6432834]]
M.Moniak,Los Angeles Angels,[[-0.09582186]],[-0.05162768],[0.],[7.2152616e-06],[[0.29363498]]
T.Ward,Los Angeles Angels,[[0.13653503]],[0.04278015],[0.],[5.7716243e-05],[[1.0453393]]
B.Drury,Los Angeles Angels,[[-0.19219364]],[0.02455876],[0.],[1.2166862e-05],[[0.61544216]]
L.Rengifo,Los Angeles Angels,[[1.4335153]],[1.05463193],[0.9],[0.99901724],[[0.95882064]]
N.Schanuel,Los Angeles Angels,[[0.29501027]],[0.01376294],[0.],[-0.00012465],[[0.8396923]]
M.Sano,Los Angeles Angels,[[-0.04522505]],[-0.09050555],[0.],[5.07405e-05],[[0.7028276]]
J.Adell,Los Angeles Angels,[[-0.09139902]],[-0.0774217],[0.],[5.975458e-06],[[0.4042105]]
M.Toglia,Colorado Rockies,[[-0.09582186]],[-0.05162768],[0.],[7.2152616e-06],[[0.29363498]]
N.Jones,Colorado Rockies,[[0.09395543]],[0.05248961],[0.],[6.3665575e-05],[[1.0544559]]
B.Rodgers,Colorado Rockies,[[0.83788]],[0.99501029],[1.],[0.99986315],[[1.2644182]]
R.McMahon,Colorado Rockies,[[2.2471964]],[1.95917907],[2.],[1.9995005],[[1.7818791]]
E.Diaz,Colorado Rockies,[[0.34659114]],[1.14802336],[1.],[1.0000803],[[1.0727371]]
J.Stallings,Colorado Rockies,[[-0.09582186]],[-0.05162768],[0.],[7.2152616e-06],[[0.29363498]]
E.Tovar,Colorado Rockies,[[0.11791578]],[0.03840736],[0.],[1.8900531e-05],[[0.94050366]]
E.Montero,Colorado Rockies,[[-0.12750748]],[0.02417541],[0.],[1.2166862e-05],[[0.7772524]]
J.Davis,Oakland Athletics,[[0.47632426]],[1.02140975],[0.835],[0.9984192],[[0.9627134]]
S.Langeliers,Oakland Athletics,[[-0.1332984]],[0.02028129],[0.],[1.2166862e-05],[[0.7815507]]
L.Butler,Oakland Athletics,[[0.41530296]],[0.01825799],[0.],[0.00046194],[[0.7145747]]
E.Ruiz,Oakland Athletics,[[-0.11968185]],[-0.03206311],[0.],[7.2152616e-06],[[0.30408856]]
N.Allen,Oakland Athletics,[[0.38234413]],[1.14958899],[1.],[1.0000803],[[1.0739474]]
C.Blackmon,Colorado Rockies,[[0.11287814]],[-0.03491542],[0.],[-0.00015918],[[0.741702]]
J.Cave,Colorado Rockies,[[-0.09582186]],[-0.05162768],[0.],[7.2152616e-06],[[0.29363498]]
K.Bryant,Colorado Rockies,[[0.00417056]],[-0.0925184],[0.],[-0.00015574],[[0.656581]]
A.Hedges,Cleveland Guardians,[[0.6137109]],[1.10260404],[1.],[0.9999046],[[1.3625364]]
B.Rocchio,Cleveland Guardians,[[1.2083559]],[1.06130565],[1.],[1.0011908],[[1.4882753]]
R.Noda,Oakland Athletics,[[-0.05691705]],[0.01928062],[0.],[5.6931924e-05],[[0.90356874]]
D.Hernaiz,Oakland Athletics,[[-0.10240877]],[-0.04834302],[0.],[7.2152616e-06],[[0.295685]]
Z.Gelof,Oakland Athletics,[[0.09645083]],[0.05228465],[0.],[5.5128323e-05],[[1.0532014]]
J.Bleday,Oakland Athletics,[[1.0736222]],[2.03742011],[2.],[1.9999315],[[1.615021]]
B.Rooker,Oakland Athletics,[[0.20200118]],[-0.00465317],[0.],[6.3665575e-05],[[1.1719208]]
S.Brown,Oakland Athletics,[[-0.16963644]],[0.01689841],[0.],[1.2166862e-05],[[0.7819991]]
L.Taveras,Texas Rangers,[[-0.01203145]],[-0.04958564],[0.],[1.2166862e-05],[[0.96205765]]
S.Kwan,Cleveland Guardians,[[0.6744891]],[1.03270951],[0.995],[1.0000277],[[1.3555949]]
J.Ramirez,Cleveland Guardians,[[2.6797214]],[0.90963223],[1.03],[1.0003529],[[1.5409868]]
R.Laureano,Cleveland Guardians,[[0.585689]],[0.03517172],[0.],[5.5608165e-05],[[1.2669948]]
J.Naylor,Cleveland Guardians,[[1.2478989]],[0.96831423],[1.],[1.0003642],[[1.5813125]]
D.Fry,Cleveland Guardians,[[1.7783852]],[2.75698481],[2.95],[2.998776],[[1.8235111]]
T.Freeman,Cleveland Guardians,[[1.540032]],[1.92459822],[2.],[2.0012524],[[1.6694398]]
A.Gimenez,Cleveland Guardians,[[0.6786756]],[0.974747],[1.],[0.9997917],[[1.1495245]]
J.Altuve,Houston Astros,[[0.7554022]],[0.98174805],[1.],[1.0002785],[[1.5577595]]
Y.Alvarez,Houston Astros,[[1.2734009]],[1.98990004],[2.],[1.9997884],[[1.5976907]]
K.Tucker,Houston Astros,[[0.65725553]],[0.95987324],[1.005],[0.9998446],[[1.6379596]]
A.Bregman,Houston Astros,[[0.5307814]],[0.94625392],[1.005],[0.9997088],[[1.3579162]]
J.Abreu,Houston Astros,[[0.04983866]],[0.0047182],[0.],[1.2646702e-05],[[1.1004758]]
C.McCormick,Houston Astros,[[0.62837124]],[1.02026522],[1.],[0.99994427],[[1.318975]]
Y.Diaz,Houston Astros,[[2.223729]],[2.98888624],[2.99],[2.999906],[[1.6704743]]
J.Pena,Houston Astros,[[0.8708401]],[1.99006377],[2.],[1.9988151],[[1.5799472]]
J.Soto,New York Yankees,[[1.3976903]],[0.98627687],[1.005],[1.000624],[[1.5385804]]
A.Judge,New York Yankees,[[1.1077229]],[1.05644614],[1.],[0.99996966],[[1.7572247]]
G.Stanton,New York Yankees,[[0.8051601]],[1.01591049],[1.],[1.0013434],[[1.533086]]
A.Rizzo,New York Yankees,[[1.2471359]],[1.01423837],[1.005],[0.9994731],[[1.5210047]]
A.Volpe,New York Yankees,[[2.2319388]],[0.91208967],[1.01],[0.999893],[[1.7061574]]
A.Verdugo,New York Yankees,[[0.5626968]],[0.93971342],[1.],[1.0000552],[[1.2380127]]
J.Trevino,New York Yankees,[[0.05961316]],[0.0224119],[0.],[1.2646702e-05],[[1.0817177]]
O.Cabrera,New York Yankees,[[1.9954901]],[2.08802694],[2.01],[2.0000844],[[1.9844115]]
C.Encarnacion-Strand,Cincinnati Reds,[[0.04677429]],[0.03703717],[0.],[1.8900531e-05],[[0.95443594]]
J.Candelario,Cincinnati Reds,[[0.20870829]],[-0.01400849],[0.],[6.3665575e-05],[[1.165853]]
J.Fraley,Cincinnati Reds,[[1.1533811]],[2.01352108],[1.995],[1.9997288],[[1.5409801]]
E.De,Cincinnati Reds,[[0.91737396]],[1.05464015],[1.],[0.9997856],[[1.4000465]]
S.Steer,Cincinnati Reds,[[1.6650851]],[1.96482426],[2.005],[2.0005014],[[1.6912476]]
N.Martini,Cincinnati Reds,[[2.9330966]],[1.78764347],[1.925],[2.0000098],[[2.2142618]]
T.Stephenson,Cincinnati Reds,[[0.69430137]],[1.07676693],[1.],[0.9998631],[[1.1937358]]
G.Torres,New York Yankees,[[0.3951715]],[0.01238688],[0.],[2.1726195e-05],[[1.2147208]]
J.Meneses,Washington Nationals,[[1.201813]],[2.01195736],[2.],[2.0002344],[[1.3458899]]
J.Gallo,Washington Nationals,[[0.21864195]],[-0.02297327],[0.],[5.5128323e-05],[[1.161965]]
K.Ruiz,Washington Nationals,[[0.6322903]],[1.0899048],[1.],[0.99976134],[[0.94714737]]
E.Rosario,Washington Nationals,[[1.091097]],[1.11372538],[1.],[0.99974865],[[1.5237216]]
I.Vargas,Washington Nationals,[[0.5543888]],[1.09212604],[1.],[0.9999974],[[0.9518827]]
L.Garcia,Washington Nationals,[[-0.08693983]],[0.02987174],[0.],[1.2166862e-05],[[0.7695348]]
J.India,Cincinnati Reds,[[0.9283352]],[0.99279333],[1.],[0.9999341],[[1.3008037]]
W.Benson,Cincinnati Reds,[[0.5730946]],[1.02405671],[1.],[0.99996036],[[1.3849008]]
B.Donovan,St Louis Cardinals,[[0.11441631]],[-0.02373717],[0.],[1.8679175e-05],[[0.8342927]]
P.Goldschmidt,St Louis Cardinals,[[1.9067483]],[2.79077609],[2.92],[2.9996402],[[1.6018721]]
N.Gorman,St Louis Cardinals,[[0.09202415]],[0.0755124],[0.],[6.3665575e-05],[[1.0724515]]
N.Arenado,St Louis Cardinals,[[0.1511155]],[-0.02926089],[0.],[1.8679175e-05],[[0.82684714]]
W.Contreras,St Louis Cardinals,[[0.2197949]],[-0.03174714],[0.],[-9.280757e-05],[[0.8905194]]
A.Burleson,St Louis Cardinals,[[-0.12214793]],[0.02871185],[0.],[1.2166862e-05],[[0.7769156]]
J.Walker,St Louis Cardinals,[[-0.09756535]],[0.03351855],[0.],[1.2166862e-05],[[0.7719363]]
V.Scott,St Louis Cardinals,[[-0.05723356]],[0.02160987],[0.],[1.4512685e-05],[[0.793958]]
B.Witt,Kansas City Royals,[[0.8741918]],[0.84909758],[0.925],[0.9999634],[[1.4099352]]
V.Pasquantino,Kansas City Royals,[[0.01962442]],[-0.05422485],[0.],[1.8679175e-05],[[0.8799002]]
S.Perez,Kansas City Royals,[[0.17876524]],[-0.01048376],[0.],[6.3665575e-05],[[1.1110706]]
M.Melendez,Kansas City Royals,[[0.61885875]],[1.02175511],[1.],[1.0000166],[[1.4231505]]
H.Renfroe,Kansas City Royals,[[-0.21232401]],[-0.01022711],[0.],[1.2166862e-05],[[0.8071765]]
A.Frazier,Kansas City Royals,[[0.4190787]],[0.98445015],[1.],[1.0000302],[[1.0595691]]
N.Velazquez,Kansas City Royals,[[-0.10243339]],[-0.07133548],[0.],[1.2166862e-05],[[0.8594654]]
K.Isbel,Kansas City Royals,[[0.4526273]],[1.06106449],[1.],[1.00019],[[1.0069802]]
C.Santana,Minnesota Twins,[[0.80860937]],[1.01079775],[1.],[0.99973416],[[1.5783496]]
M.Kepler,Minnesota Twins,[[0.21004295]],[-0.03229666],[0.],[6.3665575e-05],[[1.1307484]]
M.Wallner,Minnesota Twins,[[-0.15897498]],[-0.03562802],[0.],[7.2152616e-06],[[0.31387752]]
K.Farmer,Minnesota Twins,[[0.23161837]],[-0.00017222],[0.],[5.7411766e-05],[[1.1631564]]
W.Castro,Minnesota Twins,[[0.33761048]],[-0.01523533],[0.],[6.3665575e-05],[[1.206181]]
M.Margot,Minnesota Twins,[[0.7076052]],[1.19197216],[1.],[0.9999951],[[0.9970326]]
A.Kirilloff,Minnesota Twins,[[0.80626625]],[1.10142104],[1.],[0.9995473],[[0.90298694]]
M.Garcia,Kansas City Royals,[[0.7856475]],[1.16537318],[1.],[0.99985176],[[1.7826908]]
J.Meyers,Houston Astros,[[1.3835697]],[1.12636284],[1.005],[1.000065],[[1.6433866]]
J.Singleton,Houston Astros,[[-0.02425913]],[0.00923639],[0.],[1.1945516e-05],[[0.50478476]]
M.Dubon,Houston Astros,[[1.6528382]],[0.95689553],[1.02],[0.99984527],[[1.1473812]]
B.Buxton,Minnesota Twins,[[0.5953509]],[1.0410115],[1.],[0.999727],[[1.4653684]]
R.Jeffers,Minnesota Twins,[[0.43138042]],[0.0164983],[0.],[2.2214905e-05],[[1.1562293]]
R.Lewis,Minnesota Twins,[[2.4264894]],[1.95140863],[2.155],[2.0000541],[[1.8762058]]
E.Julien,Minnesota Twins,[[0.62955403]],[1.13189114],[0.995],[1.0000259],[[1.1171814]]
C.Correa,Minnesota Twins,[[2.1228056]],[3.01220699],[2.945],[2.9995892],[[1.9749595]]
L.Arraez,Miami Marlins,[[0.6333819]],[0.02469226],[0.],[8.065818e-05],[[1.341993]]
J.Bell,Miami Marlins,[[1.021795]],[1.97462091],[2.11],[2.0003195],[[1.8209974]]
B.De,Miami Marlins,[[0.82162416]],[0.98939688],[0.995],[0.99971235],[[1.5753071]]
J.Chisholm,Miami Marlins,[[1.24385]],[0.79460501],[0.9],[1.0001414],[[1.4285861]]
J.Burger,Miami Marlins,[[1.8870118]],[2.8668492],[2.97],[2.996929],[[1.7631584]]
J.Sanchez,Miami Marlins,[[0.04877841]],[-0.02783173],[0.],[0.0005621],[[0.6987437]]
A.Garcia,Miami Marlins,[[-0.04065836]],[0.0459284],[0.],[1.2166862e-05],[[0.79595155]]
T.Anderson,Miami Marlins,[[1.0444058]],[1.02249621],[1.],[1.0002385],[[1.5924622]]
A.McCutchen,Pittsburgh Pirates,[[0.9551593]],[-0.07358484],[0.],[0.0001144],[[1.763269]]
H.Davis,Pittsburgh Pirates,[[0.7934825]],[0.92263228],[1.],[0.99955183],[[1.6214867]]
O.Cruz,Pittsburgh Pirates,[[0.99367833]],[1.07709485],[1.035],[1.0001849],[[2.2734838]]
J.Triolo,Pittsburgh Pirates,[[0.9815354]],[0.95326794],[0.995],[0.9993099],[[1.7398151]]
R.Tellez,Pittsburgh Pirates,[[-0.1097702]],[-0.05882571],[0.],[5.6931924e-05],[[0.74177796]]
E.Olivares,Pittsburgh Pirates,[[2.502711]],[0.93017825],[1.],[0.99973774],[[1.876311]]
J.Suwinski,Pittsburgh Pirates,[[0.51142985]],[-0.01108421],[0.],[0.00042684],[[0.78919786]]
M.A.,Pittsburgh Pirates,[[0.6827652]],[0.86390534],[0.88],[0.9996553],[[1.4448569]]
C.Taylor,Los Angeles Dodgers,[[-0.09784327]],[-0.05058084],[0.],[7.2152616e-06],[[0.29434934]]
J.Heyward,Los Angeles Dodgers,[[-0.00781184]],[0.13631394],[0.16],[0.00399386],[[0.7393883]]
E.Hernandez,Los Angeles Dodgers,[[-0.0152534]],[0.02614158],[0.],[1.3329782e-05],[[0.44796902]]
G.Lux,Los Angeles Dodgers,[[-0.05420294]],[0.15647963],[0.075],[0.00101812],[[0.8264096]]
M.Rojas,Los Angeles Dodgers,[[-0.09784327]],[-0.05058084],[0.],[7.2152616e-06],[[0.29434934]]
C.Joe,Pittsburgh Pirates,[[0.50459784]],[-0.00407338],[0.],[-0.00013004],[[1.3625283]]
B.Reynolds,Pittsburgh Pirates,[[1.4973648]],[2.02252842],[1.95],[1.998794],[[2.433877]]
K.Hayes,Pittsburgh Pirates,[[1.640403]],[2.01247179],[2.005],[2.0001428],[[2.0701983]]
M.Winn,St Louis Cardinals,[[-0.07637846]],[-0.04546062],[0.],[1.1945516e-05],[[0.6667055]]
M.Betts,Los Angeles Dodgers,[[1.9836509]],[0.66943995],[1.015],[0.9990436],[[1.8182316]]
S.Ohtani,Los Angeles Dodgers,[[0.9685336]],[1.87689937],[1.995],[1.9965512],[[1.5733047]]
F.Freeman,Los Angeles Dodgers,[[1.9305887]],[1.8156916],[2.015],[1.9981444],[[1.8742247]]
W.Smith,Los Angeles Dodgers,[[0.9002095]],[1.23378772],[1.015],[1.0016453],[[1.19921]]
M.Muncy,Los Angeles Dodgers,[[0.67121655]],[1.02538605],[1.],[1.0007354],[[1.3333994]]
T.Hernandez,Los Angeles Dodgers,[[0.847689]],[0.94082263],[0.985],[0.9994086],[[1.5346434]]
J.Outman,Los Angeles Dodgers,[[0.94536126]],[1.87486484],[1.995],[1.9944278],[[1.2342434]]
J.Merrill,San Diego Padres,[[0.00268836]],[0.08407695],[0.16],[0.00077675],[[0.9578188]]
G.Springer,Toronto Blue Jays,[[1.7710844]],[1.19552083],[1.],[1.0000144],[[1.8204739]]
V.Guerrero,Toronto Blue Jays,[[1.0764341]],[0.85402812],[0.92],[0.99612534],[[1.4331937]]
B.Bichette,Toronto Blue Jays,[[1.2936475]],[2.07934574],[2.],[2.000422],[[1.8038193]]
J.Turner,Toronto Blue Jays,[[0.33571488]],[-0.04964146],[0.],[1.8900531e-05],[[1.0914286]]
D.Varsho,Toronto Blue Jays,[[0.18035819]],[-0.00656311],[0.],[1.2646702e-05],[[1.0382688]]
A.Kirk,Toronto Blue Jays,[[1.0148206]],[1.08740861],[1.],[0.9997991],[[1.3391107]]
K.Kiermaier,Toronto Blue Jays,[[0.793626]],[1.09092038],[1.],[1.0000286],[[1.3002782]]
J.Cronenworth,San Diego Padres,[[1.041817]],[1.13507992],[1.],[1.0004727],[[1.5001874]]
M.Machado,San Diego Padres,[[0.1014417]],[0.15807199],[0.295],[0.00852123],[[1.046681]]
H.Kim,San Diego Padres,[[0.85413694]],[0.91806017],[0.765],[0.9980232],[[1.2867992]]
J.Profar,San Diego Padres,[[0.68288326]],[0.96337617],[0.995],[1.0003738],[[0.88529897]]
J.Azocar,San Diego Padres,[[-0.10644714]],[0.15015675],[0.2],[-0.00033823],[[0.74229556]]
L.Campusano,San Diego Padres,[[1.9822228]],[2.01744495],[2.01],[1.9990226],[[1.4693705]]
T.Wade,San Diego Padres,[[1.2940601]],[1.08770424],[1.005],[1.0009418],[[1.3169688]]
E.Rosario,San Diego Padres,[[-0.09547378]],[-0.07113587],[0.],[5.975458e-06],[[0.40635106]]
M.Chapman,San Francisco Giants,[[0.4414673]],[1.04710713],[1.],[1.0000725],[[1.2698274]]
M.Yastrzemski,San Francisco Giants,[[0.38981533]],[-0.03126426],[0.],[6.3665575e-05],[[1.2173743]]
T.Estrada,San Francisco Giants,[[0.4792009]],[1.05050707],[1.],[1.0004123],[[1.2744212]]
M.Conforto,San Francisco Giants,[[2.1145504]],[2.76444241],[2.8],[2.9866202],[[2.301668]]
P.Bailey,San Francisco Giants,[[-0.06996691]],[-0.07528086],[0.],[1.2166862e-05],[[0.96760315]]
N.Ahmed,San Francisco Giants,[[2.1279418]],[2.03593166],[2.005],[1.9981194],[[1.6044378]]
X.Bogaerts,San Diego Padres,[[1.2714657]],[2.07869646],[2.01],[2.0000832],[[1.5479741]]
F.Tatis,San Diego Padres,[[0.34958985]],[0.97869093],[0.88],[1.0001489],[[1.0776638]]
N.Gordon,Miami Marlins,[[-0.1738325]],[0.02437204],[0.],[1.2166862e-05],[[0.78273916]]
V.Brujan,Miami Marlins,[[0.6508714]],[0.00956339],[0.],[0.00046777],[[0.914355]]
N.Fortes,Miami Marlins,[[0.01298602]],[-0.12573873],[0.],[1.929984e-05],[[0.8239496]]
J.Bride,Miami Marlins,[[0.13049275]],[-0.02298746],[0.],[1.1945516e-05],[[0.6608461]]
J.Hoo,San Francisco Giants,[[0.3466747]],[0.92281653],[1.],[1.0000262],[[1.2171168]]
J.Soler,San Francisco Giants,[[0.20348535]],[-0.0061264],[0.],[1.4992525e-05],[[1.0600111]]
L.Wade,San Francisco Giants,[[0.6874835]],[1.06693695],[0.93],[0.99950933],[[0.7618217]]
W.Flores,San Francisco Giants,[[-0.275211]],[-0.06729854],[0.],[1.2166862e-05],[[0.6808107]]
C.Seager,Texas Rangers,[[0.6708014]],[1.02542896],[1.],[1.0000107],[[1.4500176]]
J.Jung,Texas Rangers,[[1.1642497]],[0.97520618],[1.],[0.99982476],[[1.6703475]]
A.Garcia,Texas Rangers,[[1.8977149]],[2.09997076],[2.045],[2.0006137],[[2.2087846]]
W.Langford,Texas Rangers,[[0.46418548]],[0.91132898],[1.],[1.0000459],[[1.5064989]]
J.Heim,Texas Rangers,[[1.303178]],[0.94434228],[1.005],[1.0006847],[[1.649741]]
E.Duran,Texas Rangers,[[0.72662437]],[1.08212625],[1.],[0.99993944],[[1.4239595]]
T.Jankowski,Texas Rangers,[[3.5208957]],[1.00419028],[1.04],[1.000825],[[2.0598445]]
E.Carter,Texas Rangers,[[0.09081291]],[0.01352148],[0.],[1.7301074e-05],[[0.97988755]]
D.Swanson,Chicago Cubs,[[-0.06666452]],[-0.08885159],[0.],[1.2166862e-05],[[0.93784803]]
M.Busch,Chicago Cubs,[[2.815098]],[1.04165778],[1.015],[1.0000654],[[1.5448073]]
N.Hoerner,Chicago Cubs,[[0.44169715]],[-0.06483131],[0.],[0.00048694],[[1.0832857]]
N.Madrigal,Chicago Cubs,[[0.5584165]],[1.03903699],[1.],[0.99989676],[[1.2165822]]
M.Mastrobuoni,Chicago Cubs,[[-0.1568013]],[-0.01382375],[0.],[1.738014e-05],[[0.380681]]
Y.Gomes,Chicago Cubs,[[-0.15095472]],[-0.02529712],[0.],[1.2166862e-05],[[0.8663943]]
G.Cooper,Chicago Cubs,[[0.22799586]],[0.13315491],[0.],[1.2166862e-05],[[0.7057818]]
M.Semien,Texas Rangers,[[0.30142894]],[0.03295433],[0.],[6.414542e-05],[[1.3292439]]
A.Rosario,Tampa Bay Rays,[[1.4820669]],[1.02294273],[1.],[1.0004433],[[1.1844406]]
J.Siri,Tampa Bay Rays,[[0.54101276]],[1.08805212],[1.],[1.0001174],[[1.3309758]]
J.Caballero,Tampa Bay Rays,[[0.5157459]],[1.07948546],[1.],[1.0000907],[[1.3338882]]
R.Pinto,Tampa Bay Rays,[[0.55554]],[1.03665099],[1.],[0.99987364],[[1.2718633]]
I.Happ,Chicago Cubs,[[0.19142008]],[0.0521615],[0.],[1.9380372e-05],[[1.246181]]
S.Suzuki,Chicago Cubs,[[0.7068419]],[0.94992598],[1.],[0.998503],[[1.4710637]]
C.Bellinger,Chicago Cubs,[[1.4528817]],[1.01502663],[1.],[0.999475],[[1.7161862]]
C.Morel,Chicago Cubs,[[3.1848557]],[1.91992403],[1.885],[1.9992697],[[1.9696704]]
I.Kiner-Falefa,Toronto Blue Jays,[[0.09334683]],[-0.02708373],[0.],[1.8679175e-05],[[0.8418246]]
C.Biggio,Toronto Blue Jays,[[2.6188416]],[1.12525234],[1.02],[1.000324],[[2.014484]]
Y.Diaz,Tampa Bay Rays,[[2.5739908]],[2.76759929],[2.78],[2.9981685],[[2.1747715]]
B.Lowe,Tampa Bay Rays,[[0.72077155]],[1.08007261],[1.],[1.00015],[[1.3059081]]
R.Arozarena,Tampa Bay Rays,[[0.16099069]],[0.03105765],[0.],[6.3665575e-05],[[1.0971607]]
H.Ramirez,Tampa Bay Rays,[[0.04901059]],[0.02202482],[0.],[1.8900531e-05],[[0.9716608]]
I.Paredes,Tampa Bay Rays,[[0.01183227]],[0.02278399],[0.],[1.8900531e-05],[[0.96431446]]
R.Palacios,Tampa Bay Rays,[[0.22113577]],[-0.0006886],[0.],[-0.00015596],[[0.8679272]]
C.Raleigh,Seattle Mariners,[[0.4405069]],[1.06171309],[1.],[1.0000907],[[1.2595012]]
M.Haniger,Seattle Mariners,[[2.8249528]],[2.11483533],[2.08],[1.9992833],[[2.0494454]]
D.Canzone,Seattle Mariners,[[-0.22611535]],[0.00728103],[0.],[1.2166862e-05],[[0.6343267]]
D.Moore,Seattle Mariners,[[1.196934]],[1.04858681],[1.015],[0.99910325],[[1.8044863]]
T.France,Seattle Mariners,[[0.07976473]],[-0.00137421],[0.],[1.8900531e-05],[[1.0253825]]
J.Rojas,Seattle Mariners,[[0.68587756]],[1.10769784],[1.],[0.9999631],[[0.8967192]]
L.Urias,Seattle Mariners,[[-0.145694]],[-0.00921227],[0.],[1.2166862e-05],[[0.5074346]]
L.O'Hoppe,Los Angeles Angels,[[0.17808057]],[-0.02934525],[0.],[-0.00017202],[[0.7254055]]
C.Rafaela,Boston Red Sox,[[2.5655084]],[1.0351683],[1.01],[0.9998712],[[1.5826612]]
E.Valdez,Boston Red Sox,[[0.64247376]],[1.10068281],[1.],[0.99993783],[[0.9003442]]
P.Reyes,Boston Red Sox,[[-0.23397076]],[0.02399513],[0.],[1.2166862e-05],[[0.61605597]]
C.Wong,Boston Red Sox,[[1.1224655]],[2.12389851],[2.],[2.0002415],[[1.515247]]
J.Crawford,Seattle Mariners,[[0.02190208]],[0.00819402],[0.],[1.8900531e-05],[[0.9860137]]
J.Rodriguez,Seattle Mariners,[[0.5877171]],[1.02654441],[1.],[0.9998671],[[1.418453]]
J.Polanco,Seattle Mariners,[[0.6227911]],[1.04270507],[1.],[1.0001352],[[1.271519]]
M.Garver,Seattle Mariners,[[0.4939684]],[0.97534551],[1.],[0.99985605],[[1.3119735]]
A.Thomas,Arizona Diamondbacks,[[1.0172484]],[2.02801238],[2.],[2.0001433],[[1.7125386]]
G.Perdomo,Arizona Diamondbacks,[[1.370388]],[2.01437716],[2.],[1.9997094],[[1.3492261]]
J.Duran,Boston Red Sox,[[0.6949373]],[1.04195033],[0.995],[1.0000107],[[1.3695048]]
R.Devers,Boston Red Sox,[[2.3525841]],[1.8534763],[1.95],[2.000014],[[2.1619692]]
T.Story,Boston Red Sox,[[0.7979667]],[1.05939928],[1.],[0.99975103],[[1.430319]]
T.Casas,Boston Red Sox,[[0.72160816]],[1.06485428],[1.],[1.0000169],[[1.4023671]]
T.O'Neill,Boston Red Sox,[[1.5169942]],[1.19903216],[1.015],[1.0019776],[[1.7860303]]
M.Yoshida,Boston Red Sox,[[0.64597625]],[0.99291507],[1.],[0.99987453],[[1.3030698]]
B.Doyle,Colorado Rockies,[[-0.08333807]],[0.02772833],[0.],[1.2166862e-05],[[0.7682317]]
K.Marte,Arizona Diamondbacks,[[2.0809317]],[2.87187782],[2.715],[2.9968007],[[1.7123669]]
C.Carroll,Arizona Diamondbacks,[[0.84977823]],[-0.06933968],[0.],[0.00020908],[[1.1280344]]
L.Gurriel,Arizona Diamondbacks,[[2.2206652]],[2.78161287],[2.91],[2.9992402],[[1.7970606]]
C.Walker,Arizona Diamondbacks,[[1.5783393]],[2.0582339],[2.],[1.9992652],[[1.9013723]]
G.Moreno,Arizona Diamondbacks,[[1.1336018]],[2.01134651],[2.],[1.9991959],[[1.709669]]
E.Suarez,Arizona Diamondbacks,[[1.2947965]],[1.84656459],[2.],[2.0000372],[[1.53345]]
B.Alexander,Arizona Diamondbacks,[[1.2174248]],[1.72934691],[1.97],[1.9984452],[[1.4688449]]
A.Vaughn,Chicago White Sox,[[0.39455053]],[1.03023186],[1.],[1.0000424],[[1.2568347]]
P.DeJong,Chicago White Sox,[[-0.0741225]],[-0.00997371],[0.],[5.6931924e-05],[[0.94194037]]
K.Pillar,Chicago White Sox,[[-0.12780571]],[-0.05302302],[0.],[1.2166862e-05],[[0.8633181]]
M.Maldonado,Chicago White Sox,[[-0.20033866]],[-0.02660273],[0.],[1.2166862e-05],[[0.8301467]]
N.Lopez,Chicago White Sox,[[-0.14845358]],[-0.03835901],[0.],[1.1945516e-05],[[0.6982187]]
C.Abrams,Washington Nationals,[[0.0900281]],[0.06040319],[0.],[6.3665575e-05],[[1.0586311]]
L.Thomas,Washington Nationals,[[0.10342677]],[0.04774553],[0.],[5.5128323e-05],[[1.0496042]]
J.Winker,Washington Nationals,[[0.6144175]],[1.07018146],[0.99],[0.9995241],[[1.1908091]]
C.Keith,Detroit Tigers,[[0.4234873]],[1.01967017],[1.],[1.0000664],[[1.1238806]]
J.Rogers,Detroit Tigers,[[0.01319614]],[0.02196567],[0.],[1.8900531e-05],[[0.96524614]]
J.Baez,Detroit Tigers,[[0.48724595]],[1.0832818],[1.],[1.0000019],[[1.2551181]]
P.Meadows,Detroit Tigers,[[-0.19531286]],[-0.00591735],[0.],[1.2166862e-05],[[0.81749576]]
A.Benintendi,Chicago White Sox,[[0.21869056]],[-0.03488618],[0.],[6.3665575e-05],[[1.1438843]]
Y.Moncada,Chicago White Sox,[[0.02959983]],[-0.01324961],[0.],[1.8900531e-05],[[1.0002812]]
L.Robert,Chicago White Sox,[[0.4691769]],[0.90264843],[0.82],[0.99939644],[[1.2538087]]
E.Jimenez,Chicago White Sox,[[0.39568943]],[1.05247762],[1.],[1.0000101],[[1.0171006]]
C.Mullins,Baltimore Orioles,[[1.1149921]],[1.08396493],[1.],[1.0006152],[[1.6047636]]
R.Urias,Baltimore Orioles,[[0.4297386]],[-0.03573868],[0.],[0.00032889],[[0.88242036]]
J.Mateo,Baltimore Orioles,[[1.258739]],[1.04903463],[1.],[0.99896646],[[1.4756259]]
A.Ibanez,Detroit Tigers,[[0.5168308]],[1.0236726],[1.],[0.9993756],[[1.0891896]]
S.Torkelson,Detroit Tigers,[[1.1593012]],[2.07831966],[2.],[1.999822],[[1.3885624]]
R.Greene,Detroit Tigers,[[0.1626897]],[0.02573587],[0.],[6.3665575e-05],[[1.1001484]]
M.Canha,Detroit Tigers,[[0.2936477]],[-0.00341293],[0.],[5.7411766e-05],[[1.1757059]]
M.Vierling,Detroit Tigers,[[0.68426484]],[0.97595556],[1.],[1.0000699],[[1.4813125]]
Z.Neto,Los Angeles Angels,[[-0.01006219]],[-0.02194667],[0.],[5.07405e-05],[[0.873047]]
G.Henderson,Baltimore Orioles,[[0.87982804]],[1.05472694],[1.],[0.99975103],[[1.4238306]]
A.Rutschman,Baltimore Orioles,[[2.0199537]],[2.08792927],[2.07],[2.0006342],[[1.5841761]]
R.Mountcastle,Baltimore Orioles,[[0.9581817]],[0.86328435],[1.],[0.99997675],[[1.3897597]]
A.Santander,Baltimore Orioles,[[1.4545227]],[1.01961637],[1.],[1.0001277],[[1.7205936]]
A.Hays,Baltimore Orioles,[[0.85887015]],[1.03233539],[1.],[0.99972546],[[1.5193189]]
J.Westburg,Baltimore Orioles,[[0.741869]],[1.08182182],[1.],[1.000357],[[1.0045195]]
R.O'Hearn,Baltimore Orioles,[[1.485728]],[1.02612281],[1.],[1.0004433],[[1.182688]]
